Table	Senescence_type	Run	Sample	Dataset	Cell_type	Cell_type_details	Extended_details	Stimulation	Therapy	Modification	Diagnosis	GSM	Sorting_markers	Comment	Cell_origin	Rna_extraction_kit	Library_preparation_kit	Cells_isolation_kit	Donor_id	Gender	Age	Age_range	PMID	Material_type	Layout	Readcounts	To_check	QC_bad	QC_good	QC_score	Who_checks	Decision	Expression_comment	Run_id	Sample_id	Run_tiledb_id	Sample_tiledb_id	Spike_in	Response	Material_sampling_time	Only for target (CR type)	Prior_surgery	Adverse_event	Diagnosis_comment	Stage	Combo_class	Measurement_method	Race/Ethnicity	UMI (Only for target)	Deconvolution_cell_type	Filter_tag
Cells	Not_senescent	SRR5398440	SRX2693186	GSE97265	Fibroblast_line	line F50; Primary human adult fibroblasts						GSM2560383			skin									polyA RNA	SINGLE	43708457				6.75																				Fibroblast_line	
Cells	Replicative_senescence	SRR5398443	SRX2693189	GSE97265	Fibroblast_line	Senescent human fibroblast line, derived by continuos culture of F50						GSM2560386			skin									polyA RNA	SINGLE	52035112				7																				Fibroblast_line	
Cells	Not_senescent	SRR9016146	SRX5794324	GSE130727	Endothelium	Aortic endothelium						GSM3752521												total RNA	PAIRED	44943396					a_zotova	ok	250621 checked																	Endothelium	
Cells	Not_senescent	SRR9016147	SRX5794325	GSE130727	Endothelium	Aortic endothelium						GSM3752522												total RNA	PAIRED	29351262					a_zotova	ok	250621 checked																	Endothelium	
Cells	IR-induced_senescence	SRR9016148	SRX5794326	GSE130727	Endothelium	Aortic endothelium	treated with 4 Gy of ionizing radiation exposure					GSM3752523												total RNA	PAIRED	49039479					a_zotova	ok	250621 checked																	Endothelium	
Cells	IR-induced_senescence	SRR9016149	SRX5794327	GSE130727	Endothelium	Aortic endothelium	treated with 4 Gy of ionizing radiation exposure					GSM3752524												total RNA	PAIRED	50540709					a_zotova	ok	250621 checked																	Endothelium	
Cells	IR-induced_senescence	SRR9016150	SRX5794328	GSE130727	Endothelium	Aortic endothelium	treated with 4 Gy of ionizing radiation exposure					GSM3752525												total RNA	PAIRED	58343783					a_zotova	ok	250621 checked																	Endothelium	
Cells	Not_senescent	SRR9016151	SRX5794329	GSE130727	Endothelium	HUVEC						GSM3752526												total RNA	PAIRED	54804315					a_zotova	ok	250621 checked																	Endothelium	
Cells	Not_senescent	SRR9016152	SRX5794330	GSE130727	Endothelium	HUVEC						GSM3752527												total RNA	PAIRED	47004608					a_zotova	ok	250621 checked																	Endothelium	
Cells	Not_senescent	SRR9016153	SRX5794331	GSE130727	Endothelium	HUVEC						GSM3752528												total RNA	PAIRED	53525112					a_zotova	ok	250621 checked																	Endothelium	
Cells	IR-induced_senescence	SRR9016154	SRX5794332	GSE130727	Endothelium	HUVEC	treated with 4 Gy of ionizing radiation exposure					GSM3752529												total RNA	PAIRED	50732326					a_zotova	ok	250621 checked																	Endothelium	
Cells	IR-induced_senescence	SRR9016155	SRX5794333	GSE130727	Endothelium	HUVEC	treated with 4 Gy of ionizing radiation exposure					GSM3752530												total RNA	PAIRED	43243175					a_zotova	ok	250621 checked																	Endothelium	
Cells	IR-induced_senescence	SRR9016156	SRX5794334	GSE130727	Endothelium	HUVEC	treated with 4 Gy of ionizing radiation exposure					GSM3752531												total RNA	PAIRED	39831044					a_zotova	ok	250621 checked																	Endothelium	
Cells	Not_senescent	SRR9016157	SRX5794335	GSE130727	Fibroblast_line	IMR-90	lung fibroblasts					GSM3752532												total RNA	PAIRED	42503825																								Fibroblast_line	
Cells	Not_senescent	SRR9016158	SRX5794336	GSE130727	Fibroblast_line	IMR-90	lung fibroblasts					GSM3752533												total RNA	PAIRED	39714966																								Fibroblast_line	
Cells	IR-induced_senescence	SRR9016159	SRX5794337	GSE130727	Fibroblast_line	IMR-90	lung fibroblasts					GSM3752534												total RNA	PAIRED	54538511																								Fibroblast_line	
Cells	IR-induced_senescence	SRR9016160	SRX5794338	GSE130727	Fibroblast_line	IMR-90	lung fibroblasts					GSM3752535												total RNA	PAIRED	46240656																								Fibroblast_line	
Cells	Replicative_senescence	SRR9016161	SRX5794339	GSE130727	Fibroblast_line	IMR-90	lung fibroblasts					GSM3752536												total RNA	PAIRED	49574461																								Fibroblast_line	
Cells	Replicative_senescence	SRR9016162	SRX5794340	GSE130727	Fibroblast_line	IMR-90	lung fibroblasts					GSM3752537												total RNA	PAIRED	44954151																								Fibroblast_line	
Cells	Not_senescent	SRR9016163	SRX5794341	GSE130727	Fibroblast_line	WI-38	fetal lung fibroblasts					GSM3752538												total RNA	PAIRED	41540703																								Fibroblast_line	
Cells	Not_senescent	SRR9016164	SRX5794342	GSE130727	Fibroblast_line	WI-38	fetal lung fibroblasts					GSM3752539												total RNA	PAIRED	43137574																								Fibroblast_line	
Cells	Doxorubicin-induced_senescence	SRR9016165	SRX5794343	GSE130727	Fibroblast_line	WI-38	fetal lung fibroblasts					GSM3752540												total RNA	PAIRED	35640435																								Fibroblast_line	
Cells	Doxorubicin-induced_senescence	SRR9016166	SRX5794344	GSE130727	Fibroblast_line	WI-38	fetal lung fibroblasts					GSM3752541												total RNA	PAIRED	44967984																								Fibroblast_line	
Cells	Not_senescent	SRR9016167	SRX5794345	GSE130727	Fibroblast_line	WI-38	fetal lung fibroblasts					GSM3752542												total RNA	PAIRED	39430698																								Fibroblast_line	
Cells	Not_senescent	SRR9016168	SRX5794346	GSE130727	Fibroblast_line	WI-38	fetal lung fibroblasts					GSM3752543												total RNA	PAIRED	32599479																								Fibroblast_line	
Cells	Ras-induced_senescence	SRR9016169	SRX5794347	GSE130727	Fibroblast_line	WI-38	fetal lung fibroblasts					GSM3752544												total RNA	PAIRED	43446641																								Fibroblast_line	
Cells	Ras-induced_senescence	SRR9016170	SRX5794348	GSE130727	Fibroblast_line	WI-38	fetal lung fibroblasts					GSM3752545												total RNA	PAIRED	35367962																								Fibroblast_line	
Cells	Not_senescent	SRR9016171	SRX5794349	GSE130727	Fibroblast_line	WI-38	fetal lung fibroblasts					GSM3752546												polyA RNA	PAIRED	1.20E+08																								Fibroblast_line	
Cells	Not_senescent	SRR9016172	SRX5794350	GSE130727	Fibroblast_line	WI-38	fetal lung fibroblasts					GSM3752547												polyA RNA	PAIRED	1.33E+08																								Fibroblast_line	
Cells	Doxorubicin-induced_senescence	SRR9016173	SRX5794351	GSE130727	Fibroblast_line	WI-38	fetal lung fibroblasts					GSM3752548												polyA RNA	PAIRED	1.25E+08																								Fibroblast_line	
Cells	Doxorubicin-induced_senescence	SRR9016174	SRX5794352	GSE130727	Fibroblast_line	WI-38	fetal lung fibroblasts					GSM3752549												polyA RNA	PAIRED	1.38E+08																								Fibroblast_line	
Cells	Not_senescent	SRR9016175	SRX5794353	GSE130727	Fibroblast_line	WI-38	fetal lung fibroblasts					GSM3752550												total RNA	PAIRED	1.29E+08																								Fibroblast_line	
Cells	Not_senescent	SRR9016176	SRX5794354	GSE130727	Fibroblast_line	WI-38	fetal lung fibroblasts					GSM3752551												total RNA	PAIRED	1.08E+08																								Fibroblast_line	
Cells	IR-induced_senescence	SRR9016177	SRX5794355	GSE130727	Fibroblast_line	WI-38	fetal lung fibroblasts					GSM3752552												polyA RNA	PAIRED	1.05E+08																								Fibroblast_line	
Cells	IR-induced_senescence	SRR9016178	SRX5794356	GSE130727	Fibroblast_line	WI-38	fetal lung fibroblasts					GSM3752553												polyA RNA	PAIRED	1.31E+08																								Fibroblast_line	
Cells	Replicative_senescence	SRR9016179	SRX5794357	GSE130727	Fibroblast_line	WI-38	fetal lung fibroblasts					GSM3752554												polyA RNA	PAIRED	1.10E+08																								Fibroblast_line	
Cells	Replicative_senescence	SRR9016180	SRX5794358	GSE130727	Fibroblast_line	WI-38	fetal lung fibroblasts					GSM3752555												polyA RNA	PAIRED	1.27E+08																								Fibroblast_line	
Cells	Not_senescent	SRR9016181	SRX5794359	GSE130727	Fibroblast_line	WI-38	fetal lung fibroblasts					GSM3752556												polyA RNA	PAIRED	1.23E+08																								Fibroblast_line	
Cells	Not_senescent	SRR9016182	SRX5794360	GSE130727	Fibroblast_line	WI-38	fetal lung fibroblasts					GSM3752557												polyA RNA	PAIRED	80620311																								Fibroblast_line	
Cells_to_check	IR-induced_senescence	SRR11919632	SRX8466027	GSE151745	Fibroblast_line	Senescent Embryonic Lung Fibroblasts WI-38 cell line		10 Gy irradiation	Without_therapy	siControl	Healthy	GSM4589718		were grown in EMEM to 70% confluence and induced to senescence using 10 Gy irradiation. After 8 days cells were harvested.	Lung	TRIzol™ Reagent (Invitrogen)	TruSeq Stranded Total RNA Library kit (Illumina, San Diego, CA, USA)		WI-38 siCTLD8A	F	16		33020468	polyA RNA	SINGLE	4008176.092				6.416666667				97274	73840	93191	69400													Fibroblast_line	
Cells_to_check	IR-induced_senescence	SRR11919633	SRX8466028	GSE151745	Fibroblast_line	Senescent Embryonic Lung Fibroblasts WI-38 cell line		10 Gy irradiation	Without_therapy	siControl	Healthy	GSM4589719		were grown in EMEM to 70% confluence and induced to senescence using 10 Gy irradiation. After 8 days cells were harvested.	Lung	TRIzol™ Reagent (Invitrogen)	TruSeq Stranded Total RNA Library kit (Illumina, San Diego, CA, USA)		WI-38 siCTLD8B	F	16		33020468	total RNA	SINGLE	5357245.824				6.416666667				97273	73839	93190	69399													Fibroblast_line	
Cells_to_check	IR-induced_senescence	SRR11919634	SRX8466029	GSE151745	Fibroblast_line	Senescent Embryonic Lung Fibroblasts WI-38 cell line		10 Gy irradiation	Without_therapy	siG3BP	Healthy	GSM4589720		were grown in EMEM to 70% confluence and induced to senescence using 10 Gy irradiation. After 8 days cells were harvested.	Lung	TRIzol™ Reagent (Invitrogen)	TruSeq Stranded Total RNA Library kit (Illumina, San Diego, CA, USA)		WI-38 siG3BP1D8A	F	16		33020468	polyA RNA	SINGLE	3946718.932				5.833333333				97272	73838	93189	69398													Fibroblast_line	
Cells_to_check	IR-induced_senescence	SRR11919635	SRX8466030	GSE151745	Fibroblast_line	Senescent Embryonic Lung Fibroblasts WI-38 cell line		10 Gy irradiation	Without_therapy	siG3BP	Healthy	GSM4589721		were grown in EMEM to 70% confluence and induced to senescence using 10 Gy irradiation. After 8 days cells were harvested.	Lung	TRIzol™ Reagent (Invitrogen)	TruSeq Stranded Total RNA Library kit (Illumina, San Diego, CA, USA)		WI-38 siG3BP1D8B	F	16		33020468	total RNA	SINGLE	4459882.461				6.416666667				97271	73837	93188	69397													Fibroblast_line	
Cells_to_check	Not_senescent	SRR3180966	SRX1595734	GSE78138	Fibroblast_line	line	IMR-90	Without_stimulation	Without_therapy	Without_modification	Healthy	GSM2067916			Lung	RNeasy mini kit (Qiagen)	TruSeq RNA Library Prep Kit v2 (Illumina)			F	0		26833731	polyA RNA	SINGLE	26263667				7				132558	108817	121622	97552													Fibroblast_line	
Cells_to_check	Not_senescent	SRR3180968	SRX1595736	GSE78138	Fibroblast_line	line	IMR-90	4-hydroxytamoxifen (4-OHT)	Without_therapy	shKMT2A	Healthy	GSM2067918			Lung	RNeasy mini kit (Qiagen)	TruSeq RNA Library Prep Kit v2 (Illumina)			F	0		26833731	polyA RNA	SINGLE	15280651				7				132557	108816	121621	97551													Fibroblast_line	
Cells_to_check	Ras-induced_senescence	SRR3180967	SRX1595735	GSE78138	Fibroblast_line	line	IMR-90	Without_stimulation	Without_therapy	Without_modification	Healthy	GSM2067917		oncogene-induced senescent	Lung	RNeasy mini kit (Qiagen)	TruSeq RNA Library Prep Kit v2 (Illumina)			F	0		26833731	polyA RNA	SINGLE	21486856				7				132556	108815	121620	97550													Fibroblast_line	
Cells_to_check	Ras-induced_senescence	SRR3180969	SRX1595737	GSE78138	Fibroblast_line	line	IMR-90	4-hydroxytamoxifen (4-OHT)	Without_therapy	shKMT2A	Healthy	GSM2067919		oncogene-induced senescent	Lung	RNeasy mini kit (Qiagen)	TruSeq RNA Library Prep Kit v2 (Illumina)			F	0		26833731	polyA RNA	SINGLE	32836018				7				132555	108814	121619	97549													Fibroblast_line	
Cells_to_check	Not_senescent	SRR6389404	SRX3482858	GSE108278	Fibroblast_line	line	IMR-90	Hour_24_of_doxycycline_hour_24_of_Ethanol	Without_therapy	shControl	Healthy	GSM2894511		To induce knockdown, cells were cultured in the presence of 0.5 mcg/ml doxycycline (Sigma) for 24 h before the start of senescence induction. Medium was changed and fresh doxycycline was added every 48 h until the end of the experiment to maintain knockdown. day 0. developmental stage: control growing cells	Lung	RNeasy micro kit (Qiagen)	TruSeq RNA Library Prep Kit (Illumina)		1	Not_Applicable	Not_Applicable	Not_Applicable	30988157	polyA RNA	SINGLE	28603928				7				100627	77193	96189	72398													Fibroblast_line	
Cells_to_check	Not_senescent	SRR6389405	SRX3482859	GSE108278	Fibroblast_line	line	IMR-90	Hour_24_of_doxycycline_hour_24_of_Ethanol	Without_therapy	shControl	Healthy	GSM2894512		To induce knockdown, cells were cultured in the presence of 0.5 mcg/ml doxycycline (Sigma) for 24 h before the start of senescence induction. Medium was changed and fresh doxycycline was added every 48 h until the end of the experiment to maintain knockdown. day 0. developmental stage: control growing cells	Lung	RNeasy micro kit (Qiagen)	TruSeq RNA Library Prep Kit (Illumina)		1	Not_Applicable	Not_Applicable	Not_Applicable	30988157	polyA RNA	SINGLE	31812938				7				100631	77197	96193	72402													Fibroblast_line	
Cells_to_check	Not_senescent	SRR6389406	SRX3482860	GSE108278	Fibroblast_line	line	IMR-90	Hour_24_of_doxycycline_hour_24_of_tamoxifen_200_nM	Without_therapy	shIL1R1	Healthy	GSM2894513		To induce knockdown, cells were cultured in the presence of 0.5 mcg/ml doxycycline (Sigma) for 24 h before the start of senescence induction. Medium was changed and fresh doxycycline was added every 48 h until the end of the experiment to maintain knockdown. day 0. developmental stage: control cells beginning to senesce	Lung	RNeasy micro kit (Qiagen)	TruSeq RNA Library Prep Kit (Illumina)		1	Not_Applicable	Not_Applicable	Not_Applicable	30988157	polyA RNA	SINGLE	28789343				7				100633	77199	96195	72404													Fibroblast_line	
Cells_to_check	Not_senescent	SRR6389407	SRX3482861	GSE108278	Fibroblast_line	line	IMR-90	Hour_24_of_doxycycline_hour_24_of_tamoxifen_200_nM	Without_therapy	shIL1R1	Healthy	GSM2894514		To induce knockdown, cells were cultured in the presence of 0.5 mcg/ml doxycycline (Sigma) for 24 h before the start of senescence induction. Medium was changed and fresh doxycycline was added every 48 h until the end of the experiment to maintain knockdown. day 0. developmental stage: control cells beginning to senesce	Lung	RNeasy micro kit (Qiagen)	TruSeq RNA Library Prep Kit (Illumina)		1	Not_Applicable	Not_Applicable	Not_Applicable	30988157	polyA RNA	SINGLE	30277581				7				100632	77198	96194	72403													Fibroblast_line	
Cells_to_check	Ras-induced_senescence	SRR6389408	SRX3482862	GSE108278	Fibroblast_line	line	IMR-90	Hour_120_of_doxycycline_hour_96_of_Ethanol	Without_therapy	shControl	Healthy	GSM2894515		To induce knockdown, cells were cultured in the presence of 0.5 mcg/ml doxycycline (Sigma) for 24 h before the start of senescence induction. Medium was changed and fresh doxycycline was added every 48 h until the end of the experiment to maintain knockdown. day 4. stage: control cells beginning to senesce	Lung	RNeasy micro kit (Qiagen)	TruSeq RNA Library Prep Kit (Illumina)		1	Not_Applicable	Not_Applicable	Not_Applicable	30988157	polyA RNA	SINGLE	30670171				7				100629	77195	96191	72400													Fibroblast_line	
Cells_to_check	Ras-induced_senescence	SRR6389409	SRX3482863	GSE108278	Fibroblast_line	line	IMR-90	Hour_120_of_doxycycline_hour_96_of_Ethanol	Without_therapy	shControl	Healthy	GSM2894516		To induce knockdown, cells were cultured in the presence of 0.5 mcg/ml doxycycline (Sigma) for 24 h before the start of senescence induction. Medium was changed and fresh doxycycline was added every 48 h until the end of the experiment to maintain knockdown. day 4. stage: control cells beginning to senesce	Lung	RNeasy micro kit (Qiagen)	TruSeq RNA Library Prep Kit (Illumina)		1	Not_Applicable	Not_Applicable	Not_Applicable	30988157	polyA RNA	SINGLE	28757106				7				100625	77191	96187	72396													Fibroblast_line	
Cells_to_check	Ras-induced_senescence	SRR6389410	SRX3482864	GSE108278	Fibroblast_line	line	IMR-90	Hour_120_of_doxycycline_hour_96_of_tamoxifen_200_nM	Without_therapy	shIL1R1	Healthy	GSM2894517		To induce knockdown, cells were cultured in the presence of 0.5 mcg/ml doxycycline (Sigma) for 24 h before the start of senescence induction. Medium was changed and fresh doxycycline was added every 48 h until the end of the experiment to maintain knockdown. day 4. developmental stage: shIL1R cells beginning to senesce	Lung	RNeasy micro kit (Qiagen)	TruSeq RNA Library Prep Kit (Illumina)		1	Not_Applicable	Not_Applicable	Not_Applicable	30988157	polyA RNA	SINGLE	28649984				7				100624	77190	96186	72395													Fibroblast_line	
Cells_to_check	Ras-induced_senescence	SRR6389411	SRX3482865	GSE108278	Fibroblast_line	line	IMR-90	Hour_120_of_doxycycline_hour_96_of_tamoxifen_200_nM	Without_therapy	shIL1R1	Healthy	GSM2894518		To induce knockdown, cells were cultured in the presence of 0.5 mcg/ml doxycycline (Sigma) for 24 h before the start of senescence induction. Medium was changed and fresh doxycycline was added every 48 h until the end of the experiment to maintain knockdown. day 4. developmental stage: shIL1R cells beginning to senesce	Lung	RNeasy micro kit (Qiagen)	TruSeq RNA Library Prep Kit (Illumina)		1	Not_Applicable	Not_Applicable	Not_Applicable	30988157	polyA RNA	SINGLE	25489016				7				100622	77188	96184	72393													Fibroblast_line	
Cells_to_check	Ras-induced_senescence	SRR6389412	SRX3482866	GSE108278	Fibroblast_line	line	IMR-90	Hour_244_of_doxycycline_hour_240_of_Ethanol	Without_therapy	shControl	Healthy	GSM2894519		To induce knockdown, cells were cultured in the presence of 0.5 mcg/ml doxycycline (Sigma) for 24 h before the start of senescence induction. Medium was changed and fresh doxycycline was added every 48 h until the end of the experiment to maintain knockdown. day 10. developmental stage: control senescent cells	Lung	RNeasy micro kit (Qiagen)	TruSeq RNA Library Prep Kit (Illumina)		1	Not_Applicable	Not_Applicable	Not_Applicable	30988157	polyA RNA	SINGLE	25715087				7				100623	77189	96185	72394													Fibroblast_line	
Cells_to_check	Ras-induced_senescence	SRR6389413	SRX3482867	GSE108278	Fibroblast_line	line	IMR-90	Hour_244_of_doxycycline_hour_240_of_Ethanol	Without_therapy	shControl	Healthy	GSM2894520		To induce knockdown, cells were cultured in the presence of 0.5 mcg/ml doxycycline (Sigma) for 24 h before the start of senescence induction. Medium was changed and fresh doxycycline was added every 48 h until the end of the experiment to maintain knockdown. day 10. developmental stage: control senescent cells	Lung	RNeasy micro kit (Qiagen)	TruSeq RNA Library Prep Kit (Illumina)		1	Not_Applicable	Not_Applicable	Not_Applicable	30988157	polyA RNA	SINGLE	31344963				7				100626	77192	96188	72397													Fibroblast_line	
Cells_to_check	Ras-induced_senescence	SRR6389414	SRX3482868	GSE108278	Fibroblast_line	line	IMR-90	Hour_244_of_doxycycline_hour_240_of_tamoxifen_200_nM	Without_therapy	shIL1R1	Healthy	GSM2894521		To induce knockdown, cells were cultured in the presence of 0.5 mcg/ml doxycycline (Sigma) for 24 h before the start of senescence induction. Medium was changed and fresh doxycycline was added every 48 h until the end of the experiment to maintain knockdown. day 10. developmental stage: shIL1R senescent cells	Lung	RNeasy micro kit (Qiagen)	TruSeq RNA Library Prep Kit (Illumina)		1	Not_Applicable	Not_Applicable	Not_Applicable	30988157	polyA RNA	SINGLE	25256591				7				100630	77196	96192	72401													Fibroblast_line	
Cells_to_check	Ras-induced_senescence	SRR6389415	SRX3482869	GSE108278	Fibroblast_line	line	IMR-90	Hour_244_of_doxycycline_hour_240_of_tamoxifen_200_nM	Without_therapy	shIL1R1	Healthy	GSM2894522		To induce knockdown, cells were cultured in the presence of 0.5 mcg/ml doxycycline (Sigma) for 24 h before the start of senescence induction. Medium was changed and fresh doxycycline was added every 48 h until the end of the experiment to maintain knockdown. To induce knockdown, cells were cultured in the presence of 0.5 mcg/ml doxycycline (Sigma) for 24 h before the start of senescence induction. Medium was changed and fresh doxycycline was added every 48 h until the end of the experiment to maintain knockdown. day 10. developmental stage: shIL1R senescent cells	Lung	RNeasy micro kit (Qiagen)	TruSeq RNA Library Prep Kit (Illumina)		1	Not_Applicable	Not_Applicable	Not_Applicable	30988157	polyA RNA	SINGLE	25420885				7				100628	77194	96190	72399													Fibroblast_line	
Cancer_cell_lines_to_check	Not_senescent	SRR5931951	SRX3092173	GSE102639	Melanoma	line	A-375		Without_therapy	Without_modification		GSM2742111		control		TRIzol™ Reagent (Invitrogen)				Not_Applicable	Not_Applicable			polyA RNA	SINGLE	25391431.5				7				58234	41855	57192	40900													Melanoma	
Cancer_cell_lines_to_check	SMARKB1_KO-induced_senescence	SRR5931952	SRX3092174	GSE102639	Melanoma	line	A-375		Without_therapy	SMARCB1 knockout		GSM2742112		infected with gRNAs gSMARCB1 virus and cultured for 8 days		TRIzol™ Reagent (Invitrogen)				Not_Applicable	Not_Applicable			polyA RNA	SINGLE	29348280.53				7				58232	41853	57190	40898													Melanoma	
Cancer_cell_lines_to_check	Not_senescent	SRR5931953	SRX3092175	GSE102639	Lung_Adenocarcinoma	line	A-549		Without_therapy	Without_modification		GSM2742113		untreated		TRIzol™ Reagent (Invitrogen)				Not_Applicable	Not_Applicable			polyA RNA	SINGLE	11593127.3				7				58235	41856	57193	40901													Lung_Adenocarcinoma	
Cancer_cell_lines_to_check	Not_senescent	SRR5931954	SRX3092176	GSE102639	Lung_Adenocarcinoma	line	A-549		Without_therapy	Without_modification		GSM2742114		untreated		TRIzol™ Reagent (Invitrogen)				Not_Applicable	Not_Applicable			polyA RNA	SINGLE	17710900.07				7				58226	41847	57184	40892													Lung_Adenocarcinoma	
Cancer_cell_lines_to_check	AURK_inhibitor-induced_senescence	SRR5931955	SRX3092177	GSE102639	Lung_Adenocarcinoma	line	A-549	Tozasertib	Without_therapy	Without_modification		GSM2742115				TRIzol™ Reagent (Invitrogen)				Not_Applicable	Not_Applicable			polyA RNA	SINGLE	15667676.25				7				58229	41850	57187	40895													Lung_Adenocarcinoma	
Cancer_cell_lines_to_check	AURK_inhibitor-induced_senescence	SRR5931956	SRX3092178	GSE102639	Lung_Adenocarcinoma	line	A-549	Tozasertib	Without_therapy	Without_modification		GSM2742116				TRIzol™ Reagent (Invitrogen)				Not_Applicable	Not_Applicable			polyA RNA	SINGLE	19380621.11				7				58233	41854	57191	40899													Lung_Adenocarcinoma	
Cancer_cell_lines_to_check	AURK_inhibitor-induced_senescence	SRR5931957	SRX3092179	GSE102639	Lung_Adenocarcinoma	line	A-549	Barasertib	Without_therapy	Without_modification		GSM2742117				TRIzol™ Reagent (Invitrogen)				Not_Applicable	Not_Applicable			polyA RNA	SINGLE	14716172.45				7				58225	41846	57183	40891													Lung_Adenocarcinoma	
Cancer_cell_lines_to_check	AURK_inhibitor-induced_senescence	SRR5931958	SRX3092180	GSE102639	Lung_Adenocarcinoma	line	A-549	Barasertib	Without_therapy	Without_modification		GSM2742118				TRIzol™ Reagent (Invitrogen)				Not_Applicable	Not_Applicable			polyA RNA	SINGLE	12812437				7				58231	41852	57189	40897													Lung_Adenocarcinoma	
Cancer_cell_lines_to_check	AURK_inhibitor-induced_senescence	SRR5931959	SRX3092181	GSE102639	Lung_Adenocarcinoma	line	A-549	Alisertib	Without_therapy	Without_modification		GSM2742119				TRIzol™ Reagent (Invitrogen)				Not_Applicable	Not_Applicable			polyA RNA	SINGLE	13617322.95				7				58230	41851	57188	40896													Lung_Adenocarcinoma	
Cancer_cell_lines_to_check	AURK_inhibitor-induced_senescence	SRR5931960	SRX3092182	GSE102639	Lung_Adenocarcinoma	line	A-549	Alisertib	Without_therapy	Without_modification		GSM2742120				TRIzol™ Reagent (Invitrogen)				Not_Applicable	Not_Applicable			polyA RNA	SINGLE	17478684.41				7				58228	41849	57186	40894													Lung_Adenocarcinoma	
Cancer_cell_lines_to_check	Etoposide-induced_senescence	SRR5931961	SRX3092183	GSE102639	Lung_Adenocarcinoma	line	A-549	etoposide	Without_therapy	Without_modification		GSM2742121				TRIzol™ Reagent (Invitrogen)				Not_Applicable	Not_Applicable			polyA RNA	SINGLE	16133988.52				7				58227	41848	57185	40893													Lung_Adenocarcinoma	
Cancer_cell_lines_to_check	Etoposide-induced_senescence	SRR5931962	SRX3092184	GSE102639	Lung_Adenocarcinoma	line	A-549	etoposide	Without_therapy	Without_modification		GSM2742122				TRIzol™ Reagent (Invitrogen)				Not_Applicable	Not_Applicable			polyA RNA	SINGLE	11472931.91				7				58236	41857	57194	40902													Lung_Adenocarcinoma	
Cancer_cell_lines_to_check	Not_senescent	SRR8060845	SRX4890372	GSE121276	Hepatocellular_Carcinoma	line	Hep 3B2.1-7	Without_stimulation	Without_therapy	Without_modification		GSM3430710				RNeasy mini kit (Qiagen)	TruSeq Stranded Total RNA Library kit (Illumina, San Diego, CA, USA)			Not_Applicable	Not_Applicable		31578521	polyA RNA	SINGLE	18252205				6.416667				99761	76327	95476	71685													Hepatocellular_Carcinoma	
Cancer_cell_lines_to_check	CDC7_inhibitor-induced_senescence	SRR8060846	SRX4890373	GSE121276	Hepatocellular_Carcinoma	line	Hep 3B2.1-7	XL413	Without_therapy	Without_modification		GSM3430711				RNeasy mini kit (Qiagen)	TruSeq Stranded Total RNA Library kit (Illumina, San Diego, CA, USA)			Not_Applicable	Not_Applicable		31578521	polyA RNA	SINGLE	19749840				6.416667				99765	76331	95480	71689													Hepatocellular_Carcinoma	
Cancer_cell_lines_to_check	Not_senescent	SRR8060847	SRX4890374	GSE121276	Hepatocellular_Carcinoma	line	Huh-7	Without_stimulation	Without_therapy	Without_modification		GSM3430712				RNeasy mini kit (Qiagen)	TruSeq Stranded Total RNA Library kit (Illumina, San Diego, CA, USA)			Not_Applicable	Not_Applicable		31578521	polyA RNA	SINGLE	17496100				6.416667				99759	76325	95474	71683													Hepatocellular_Carcinoma	
Cancer_cell_lines_to_check	CDC7_inhibitor-induced_senescence	SRR8060848	SRX4890375	GSE121276	Hepatocellular_Carcinoma	line	Huh-7	XL413	Without_therapy	Without_modification		GSM3430713				RNeasy mini kit (Qiagen)	TruSeq Stranded Total RNA Library kit (Illumina, San Diego, CA, USA)			Not_Applicable	Not_Applicable		31578521	polyA RNA	SINGLE	18631982				6.416667				99764	76330	95479	71688													Hepatocellular_Carcinoma	
Cancer_cell_lines_to_check	Not_senescent	SRR8956965	SRX5736555	GSE121276	Fibroblast_line	line	BJ [Human fibroblast]	Without_stimulation	Without_therapy	Without_modification		GSM3736359				RNeasy mini kit (Qiagen)	TruSeq Stranded Total RNA Library kit (Illumina, San Diego, CA, USA)			Not_Applicable	Not_Applicable		31578521	polyA RNA	SINGLE	18789176				6.416667				99758	76324	95473	71682													Fibroblast_line	
Cancer_cell_lines_to_check	CDC7_inhibitor-induced_senescence	SRR8956966	SRX5736556	GSE121276	Fibroblast_line	line	BJ [Human fibroblast]	XL413	Without_therapy	Without_modification		GSM3736360		10uM XL413 for 4 days		RNeasy mini kit (Qiagen)	TruSeq Stranded Total RNA Library kit (Illumina, San Diego, CA, USA)			Not_Applicable	Not_Applicable		31578521	polyA RNA	SINGLE	15263975				6.416667				99762	76328	95477	71686													Fibroblast_line	
Cancer_cell_lines_to_check	Not_senescent	SRR8956967	SRX5736557	GSE121276	Hepatocellular_Carcinoma	line	Hep1	Without_stimulation	Without_therapy	Without_modification		GSM3736361				RNeasy mini kit (Qiagen)	TruSeq Stranded Total RNA Library kit (Illumina, San Diego, CA, USA)			Not_Applicable	Not_Applicable		31578521	polyA RNA	SINGLE	15253464				6.416667				99763	76329	95478	71687													Hepatocellular_Carcinoma	
Cancer_cell_lines_to_check	CDC7_inhibitor-induced_senescence	SRR8956968	SRX5736558	GSE121276	Hepatocellular_Carcinoma	line	Hep1	XL413	Without_therapy	Without_modification		GSM3736362		10uM XL413 for 4 days		RNeasy mini kit (Qiagen)	TruSeq Stranded Total RNA Library kit (Illumina, San Diego, CA, USA)			Not_Applicable	Not_Applicable		31578521	polyA RNA	SINGLE	14122661				6.416667				99760	76326	95475	71684													Hepatocellular_Carcinoma	
Cancer_cell_lines_to_check	Not_senescent	SRR8060850	SRX4890377	GSE121277	Hepatocellular_Carcinoma	line	Huh-7	Without_stimulation	Without_therapy	Without_modification		GSM3430714		Hep3B and Huh7 cells pre-treated with XL413 for 10 days to induce senescence prior to sertraline treatment for 24 hours.		RNeasy mini kit (Qiagen)	TruSeq Stranded Total RNA Library kit (Illumina, San Diego, CA, USA)			Not_Applicable	Not_Applicable		31578521	polyA RNA	SINGLE	24180515				6.416667				99771	76337	95486	71695													Hepatocellular_Carcinoma	
Cancer_cell_lines_to_check	Not_senescent	SRR8060851	SRX4890378	GSE121277	Hepatocellular_Carcinoma	line	Huh-7	Sertraline	Without_therapy	Without_modification		GSM3430715		Hep3B and Huh7 cells pre-treated with XL413 for 10 days to induce senescence prior to sertraline treatment for 24 hours.		RNeasy mini kit (Qiagen)	TruSeq Stranded Total RNA Library kit (Illumina, San Diego, CA, USA)			Not_Applicable	Not_Applicable		31578521	polyA RNA	SINGLE	25851353				6.416667				99766	76332	95481	71690													Hepatocellular_Carcinoma	
Cancer_cell_lines_to_check	CDC7_inhibitor-induced_senescence	SRR8060852	SRX4890379	GSE121277	Hepatocellular_Carcinoma	line	Huh-7	XL413	Without_therapy	Without_modification		GSM3430716		Hep3B and Huh7 cells pre-treated with XL413 for 10 days to induce senescence prior to sertraline treatment for 24 hours.		RNeasy mini kit (Qiagen)	TruSeq Stranded Total RNA Library kit (Illumina, San Diego, CA, USA)			Not_Applicable	Not_Applicable		31578521	polyA RNA	SINGLE	24973509				6.416667				99772	76338	95487	71696													Hepatocellular_Carcinoma	
Cancer_cell_lines_to_check	CDC7_inhibitor-induced_senescence	SRR8060853	SRX4890380	GSE121277	Hepatocellular_Carcinoma	line	Huh-7	XL413, Sertraline	Without_therapy	Without_modification		GSM3430717		Hep3B and Huh7 cells pre-treated with XL413 for 10 days to induce senescence prior to sertraline treatment for 24 hours.		RNeasy mini kit (Qiagen)	TruSeq Stranded Total RNA Library kit (Illumina, San Diego, CA, USA)			Not_Applicable	Not_Applicable		31578521	polyA RNA	SINGLE	25294752				6.416667				99773	76339	95488	71697													Hepatocellular_Carcinoma	
Cancer_cell_lines_to_check	Not_senescent	SRR8060854	SRX4890381	GSE121277	Hepatocellular_Carcinoma	line	Hep 3B2.1-7	Without_stimulation	Without_therapy	Without_modification		GSM3430718		Hep3B and Huh7 cells pre-treated with XL413 for 10 days to induce senescence prior to sertraline treatment for 24 hours.		RNeasy mini kit (Qiagen)	TruSeq Stranded Total RNA Library kit (Illumina, San Diego, CA, USA)			Not_Applicable	Not_Applicable		31578521	polyA RNA	SINGLE	25008931				6.416667				99767	76333	95482	71691													Hepatocellular_Carcinoma	
Cancer_cell_lines_to_check	Not_senescent	SRR8060855	SRX4890382	GSE121277	Hepatocellular_Carcinoma	line	Hep 3B2.1-7	Sertraline	Without_therapy	Without_modification		GSM3430719		Hep3B and Huh7 cells pre-treated with XL413 for 10 days to induce senescence prior to sertraline treatment for 24 hours.		RNeasy mini kit (Qiagen)	TruSeq Stranded Total RNA Library kit (Illumina, San Diego, CA, USA)			Not_Applicable	Not_Applicable		31578521	polyA RNA	SINGLE	25634790				6.416667				99769	76335	95484	71693													Hepatocellular_Carcinoma	
Cancer_cell_lines_to_check	CDC7_inhibitor-induced_senescence	SRR8060857	SRX4890383	GSE121277	Hepatocellular_Carcinoma	line	Hep 3B2.1-7	XL413	Without_therapy	Without_modification		GSM3430720		Hep3B and Huh7 cells pre-treated with XL413 for 10 days to induce senescence prior to sertraline treatment for 24 hours.		RNeasy mini kit (Qiagen)	TruSeq Stranded Total RNA Library kit (Illumina, San Diego, CA, USA)			Not_Applicable	Not_Applicable		31578521	polyA RNA	SINGLE	17564277				6.416667				99768	76334	95483	71692													Hepatocellular_Carcinoma	
Cancer_cell_lines_to_check	CDC7_inhibitor-induced_senescence	SRR8060858	SRX4890384	GSE121277	Hepatocellular_Carcinoma	line	Hep 3B2.1-7	XL413, Sertraline	Without_therapy	Without_modification		GSM3430721		Hep3B and Huh7 cells pre-treated with XL413 for 10 days to induce senescence prior to sertraline treatment for 24 hours.		RNeasy mini kit (Qiagen)	TruSeq Stranded Total RNA Library kit (Illumina, San Diego, CA, USA)			Not_Applicable	Not_Applicable		31578521	polyA RNA	SINGLE	26761315				6.416667				99770	76336	95485	71694													Hepatocellular_Carcinoma	
Cancer_cell_lines_to_check	Not_senescent	SRR8835852	SRX5624081	GSE129182	Pancreatic_Ductal_Adenocarcinoma	line	PANC-1	Without_stimulation	Without_therapy	Without_modification		GSM3702045		WT. passage: p12-p13	Pancreas	TRIzol™ Reagent (Invitrogen)	TruSeq Stranded mRNA (illumina)			Not_Applicable	Not_Applicable		33627784	polyA RNA	PAIRED	3986448.751				4.666666667				63950	46364	62309	44883													Pancreatic_Ductal_Adenocarcinoma	
Cancer_cell_lines_to_check	Not_senescent	SRR8835850	SRX5624081	GSE129182	Pancreatic_Ductal_Adenocarcinoma	line	PANC-1	Without_stimulation	Without_therapy	Without_modification		GSM3702045		WT. passage: p12-p13	Pancreas	TRIzol™ Reagent (Invitrogen)	TruSeq Stranded mRNA (illumina)			Not_Applicable	Not_Applicable		33627784	polyA RNA	PAIRED	2701584.103				4.666666667				63951	46364	62310	44883													Pancreatic_Ductal_Adenocarcinoma	
Cancer_cell_lines_to_check	Not_senescent	SRR8835851	SRX5624081	GSE129182	Pancreatic_Ductal_Adenocarcinoma	line	PANC-1	Without_stimulation	Without_therapy	Without_modification		GSM3702045		WT. passage: p12-p13	Pancreas	TRIzol™ Reagent (Invitrogen)	TruSeq Stranded mRNA (illumina)			Not_Applicable	Not_Applicable		33627784	polyA RNA	PAIRED	2196277.794				4.666666667				63952	46364	62311	44883													Pancreatic_Ductal_Adenocarcinoma	
Cancer_cell_lines_to_check	Not_senescent	SRR8835853	SRX5624081	GSE129182	Pancreatic_Ductal_Adenocarcinoma	line	PANC-1	Without_stimulation	Without_therapy	Without_modification		GSM3702045		WT. passage: p12-p13	Pancreas	TRIzol™ Reagent (Invitrogen)	TruSeq Stranded mRNA (illumina)			Not_Applicable	Not_Applicable		33627784	polyA RNA	PAIRED	2756398.102				4.666666667				63953	46364	62312	44883													Pancreatic_Ductal_Adenocarcinoma	
Cancer_cell_lines_to_check	Not_senescent	SRR8835856	SRX5624082	GSE129182	Pancreatic_Ductal_Adenocarcinoma	line	PANC-1	Without_stimulation	Without_therapy	Without_modification		GSM3702046		WT. passage: p12-p13	Pancreas	TRIzol™ Reagent (Invitrogen)	TruSeq Stranded mRNA (illumina)			Not_Applicable	Not_Applicable		33627784	polyA RNA	PAIRED	4819569.091				5.25				63962	46367	62321	44886													Pancreatic_Ductal_Adenocarcinoma	
Cancer_cell_lines_to_check	Not_senescent	SRR8835854	SRX5624082	GSE129182	Pancreatic_Ductal_Adenocarcinoma	line	PANC-1	Without_stimulation	Without_therapy	Without_modification		GSM3702046		WT. passage: p12-p13	Pancreas	TRIzol™ Reagent (Invitrogen)	TruSeq Stranded mRNA (illumina)			Not_Applicable	Not_Applicable		33627784	polyA RNA	PAIRED	3302455.873				4.666666667				63963	46367	62322	44886													Pancreatic_Ductal_Adenocarcinoma	
Cancer_cell_lines_to_check	Not_senescent	SRR8835857	SRX5624082	GSE129182	Pancreatic_Ductal_Adenocarcinoma	line	PANC-1	Without_stimulation	Without_therapy	Without_modification		GSM3702046		WT. passage: p12-p13	Pancreas	TRIzol™ Reagent (Invitrogen)	TruSeq Stranded mRNA (illumina)			Not_Applicable	Not_Applicable		33627784	polyA RNA	PAIRED	3409016.341				4.666666667				63964	46367	62323	44886													Pancreatic_Ductal_Adenocarcinoma	
Cancer_cell_lines_to_check	Not_senescent	SRR8835855	SRX5624082	GSE129182	Pancreatic_Ductal_Adenocarcinoma	line	PANC-1	Without_stimulation	Without_therapy	Without_modification		GSM3702046		WT. passage: p12-p13	Pancreas	TRIzol™ Reagent (Invitrogen)	TruSeq Stranded mRNA (illumina)			Not_Applicable	Not_Applicable		33627784	polyA RNA	PAIRED	2714257.275				4.666666667				63965	46367	62324	44886													Pancreatic_Ductal_Adenocarcinoma	
Cancer_cell_lines_to_check	H2AZ_KO-induced_senescence	SRR8835861	SRX5624083	GSE129182	Pancreatic_Ductal_Adenocarcinoma	line	PZT-2	Without_stimulation	Without_therapy	KD of three H2A.Z isoforms		GSM3702047		KD of three H2A.Z isoforms. passage: p12-p13	Pancreas	TRIzol™ Reagent (Invitrogen)	TruSeq Stranded mRNA (illumina)			Not_Applicable	Not_Applicable		33627784	polyA RNA	PAIRED	3007107.034				4.666666667				63954	46365	62313	44884													Pancreatic_Ductal_Adenocarcinoma	
Cancer_cell_lines_to_check	H2AZ_KO-induced_senescence	SRR8835858	SRX5624083	GSE129182	Pancreatic_Ductal_Adenocarcinoma	line	PZT-2	Without_stimulation	Without_therapy	KD of three H2A.Z isoforms		GSM3702047		KD of three H2A.Z isoforms. passage: p12-p13	Pancreas	TRIzol™ Reagent (Invitrogen)	TruSeq Stranded mRNA (illumina)			Not_Applicable	Not_Applicable		33627784	polyA RNA	PAIRED	2920593.029				4.666666667				63955	46365	62314	44884													Pancreatic_Ductal_Adenocarcinoma	
Cancer_cell_lines_to_check	H2AZ_KO-induced_senescence	SRR8835860	SRX5624083	GSE129182	Pancreatic_Ductal_Adenocarcinoma	line	PZT-2	Without_stimulation	Without_therapy	KD of three H2A.Z isoforms		GSM3702047		KD of three H2A.Z isoforms. passage: p12-p13	Pancreas	TRIzol™ Reagent (Invitrogen)	TruSeq Stranded mRNA (illumina)			Not_Applicable	Not_Applicable		33627784	polyA RNA	PAIRED	4327220.473				5.25				63956	46365	62315	44884													Pancreatic_Ductal_Adenocarcinoma	
Cancer_cell_lines_to_check	H2AZ_KO-induced_senescence	SRR8835859	SRX5624083	GSE129182	Pancreatic_Ductal_Adenocarcinoma	line	PZT-2	Without_stimulation	Without_therapy	KD of three H2A.Z isoforms		GSM3702047		KD of three H2A.Z isoforms. passage: p12-p13	Pancreas	TRIzol™ Reagent (Invitrogen)	TruSeq Stranded mRNA (illumina)			Not_Applicable	Not_Applicable		33627784	polyA RNA	PAIRED	2394825.404				4.666666667				63957	46365	62316	44884													Pancreatic_Ductal_Adenocarcinoma	
Cancer_cell_lines_to_check	H2AZ_KO-induced_senescence	SRR8835862	SRX5624084	GSE129182	Pancreatic_Ductal_Adenocarcinoma	line	PZT-2	Without_stimulation	Without_therapy	KD of three H2A.Z isoforms		GSM3702048		KD of three H2A.Z isoforms. passage: p12-p13	Pancreas	TRIzol™ Reagent (Invitrogen)	TruSeq Stranded mRNA (illumina)			Not_Applicable	Not_Applicable		33627784	polyA RNA	PAIRED	2988666.365				4.666666667				63958	46366	62317	44885													Pancreatic_Ductal_Adenocarcinoma	
Cancer_cell_lines_to_check	H2AZ_KO-induced_senescence	SRR8835865	SRX5624084	GSE129182	Pancreatic_Ductal_Adenocarcinoma	line	PZT-2	Without_stimulation	Without_therapy	KD of three H2A.Z isoforms		GSM3702048		KD of three H2A.Z isoforms. passage: p12-p13	Pancreas	TRIzol™ Reagent (Invitrogen)	TruSeq Stranded mRNA (illumina)			Not_Applicable	Not_Applicable		33627784	polyA RNA	PAIRED	3056601.466				4.666666667				63959	46366	62318	44885													Pancreatic_Ductal_Adenocarcinoma	
Cancer_cell_lines_to_check	H2AZ_KO-induced_senescence	SRR8835864	SRX5624084	GSE129182	Pancreatic_Ductal_Adenocarcinoma	line	PZT-2	Without_stimulation	Without_therapy	KD of three H2A.Z isoforms		GSM3702048		KD of three H2A.Z isoforms. passage: p12-p13	Pancreas	TRIzol™ Reagent (Invitrogen)	TruSeq Stranded mRNA (illumina)			Not_Applicable	Not_Applicable		33627784	polyA RNA	PAIRED	4349330.416				5.25				63960	46366	62319	44885													Pancreatic_Ductal_Adenocarcinoma	
Cancer_cell_lines_to_check	H2AZ_KO-induced_senescence	SRR8835863	SRX5624084	GSE129182	Pancreatic_Ductal_Adenocarcinoma	line	PZT-2	Without_stimulation	Without_therapy	KD of three H2A.Z isoforms		GSM3702048		KD of three H2A.Z isoforms. passage: p12-p13	Pancreas	TRIzol™ Reagent (Invitrogen)	TruSeq Stranded mRNA (illumina)			Not_Applicable	Not_Applicable		33627784	polyA RNA	PAIRED	2471571.863				4.666666667				63961	46366	62320	44885													Pancreatic_Ductal_Adenocarcinoma	
Cells	Not_senescent	SRR6515349	SRX3603334	GSE109700	Fibroblast_line	LF1 line	Proliferating stage	Without_stimulation	Without_therapy	Without_modification	Healthy	GSM2948602		Proliferating: early passage normal diploid fibroblast during exponential growth	Lung	TRIzol™ Reagent (Invitrogen)	TruSeq Stranded Total RNA Library kit (Illumina, San Diego, CA, USA)		LF1	No_data	0		30728521	total RNA	PAIRED	52502916				5.25				9523	6481	16005	16004													Fibroblast_line	
Cells	Not_senescent	SRR6515350	SRX3603335	GSE109700	Fibroblast_line	LF1 line	Proliferating stage	Without_stimulation	Without_therapy	Without_modification	Healthy	GSM2948603		Proliferating: early passage normal diploid fibroblast during exponential growth	Lung	TRIzol™ Reagent (Invitrogen)	TruSeq Stranded Total RNA Library kit (Illumina, San Diego, CA, USA)		LF1	No_data	0		30728521	total RNA	PAIRED	64812842				4.75				9524	6482	16007	16006													Fibroblast_line	
Cells	Not_senescent	SRR6515351	SRX3603336	GSE109700	Fibroblast_line	LF1 line	Proliferating stage	Without_stimulation	Without_therapy	Without_modification	Healthy	GSM2948604		Proliferating: early passage normal diploid fibroblast during exponential growth	Lung	TRIzol™ Reagent (Invitrogen)	TruSeq Stranded Total RNA Library kit (Illumina, San Diego, CA, USA)		LF1	No_data	0		30728521	total RNA	PAIRED	55883610				4.25				9525	6483	16009	16008													Fibroblast_line	
Cells	Replicative_senescence	SRR6515352	SRX3603337	GSE109700	Fibroblast_line	LF1 line	Early Senescence stage	Without_stimulation	Without_therapy	Without_modification	Healthy	GSM2948605		Early Senescence: after serial passaging and entrance in Replicative Senescence, 8 weeks	Lung	TRIzol™ Reagent (Invitrogen)	TruSeq Stranded Total RNA Library kit (Illumina, San Diego, CA, USA)		LF1	No_data	0		30728521	total RNA	PAIRED	59018714				5.25				9526	6484	16011	16010													Fibroblast_line	
Cells	Replicative_senescence	SRR6515353	SRX3603338	GSE109700	Fibroblast_line	LF1 line	Early Senescence stage	Without_stimulation	Without_therapy	Without_modification	Healthy	GSM2948606		Early Senescence: after serial passaging and entrance in Replicative Senescence, 8 weeks	Lung	TRIzol™ Reagent (Invitrogen)	TruSeq Stranded Total RNA Library kit (Illumina, San Diego, CA, USA)		LF1	No_data	0		30728521	total RNA	PAIRED	50968387				4.75				9527	6485	16013	16012													Fibroblast_line	
Cells	Replicative_senescence	SRR6515354	SRX3603339	GSE109700	Fibroblast_line	LF1 line	Early Senescence stage	Without_stimulation	Without_therapy	Without_modification	Healthy	GSM2948607		Early Senescence: after serial passaging and entrance in Replicative Senescence, 8 weeks	Lung	TRIzol™ Reagent (Invitrogen)	TruSeq Stranded Total RNA Library kit (Illumina, San Diego, CA, USA)		LF1	No_data	0		30728521	total RNA	PAIRED	56828269				3.5				9528	6486	16015	16014													Fibroblast_line	
Cells	Replicative_senescence	SRR6515355	SRX3603340	GSE109700	Fibroblast_line	LF1 line	Deep Senescence stage	Without_stimulation	Without_therapy	Without_modification	Healthy	GSM2948608		Deep Senescence: after serial passaging and entrance in Replicative Senescence, 16 weeks	Lung	TRIzol™ Reagent (Invitrogen)	TruSeq Stranded Total RNA Library kit (Illumina, San Diego, CA, USA)		LF1	No_data	0		30728521	total RNA	PAIRED	38020947				4.5				9529	6487	16017	16016													Fibroblast_line	
Cells	Replicative_senescence	SRR6515356	SRX3603341	GSE109700	Fibroblast_line	LF1 line	Deep Senescence stage	Without_stimulation	Without_therapy	Without_modification	Healthy	GSM2948609		Deep Senescence: after serial passaging and entrance in Replicative Senescence, 16 weeks	Lung	TRIzol™ Reagent (Invitrogen)	TruSeq Stranded Total RNA Library kit (Illumina, San Diego, CA, USA)		LF1	No_data	0		30728521	total RNA	PAIRED	37710595				4.75				9530	6488	16019	16018													Fibroblast_line	
Cells	Replicative_senescence	SRR6515357	SRX3603342	GSE109700	Fibroblast_line	LF1 line	Deep Senescence stage	Without_stimulation	Without_therapy	Without_modification	Healthy	GSM2948610		Deep Senescence: after serial passaging and entrance in Replicative Senescence, 16 weeks	Lung	TRIzol™ Reagent (Invitrogen)	TruSeq Stranded Total RNA Library kit (Illumina, San Diego, CA, USA)		LF1	No_data	0		30728521	total RNA	PAIRED	46645634				3.5				9531	6489	16021	16020													Fibroblast_line	