Sample	Readcounts	Run	Sample	Dataset	Cell_type	Cell_type_details	Extended_details	Stimulation	Therapy	Modification	Diagnosis	GSM	Sorting_markers	Comment	Cell_origin	Rna_extraction_kit	Library_preparation_kit	Cells_isolation_kit	Donor_id	Gender	Age	Age_range	PMID	Material_type	Layout	To_check	QC_bad	QC_good	QC_score	Who_checks	Decision	Expression_comment	Run_id	Sample_id	Sample_tiledb_id	Spike_in	Response	Material_sampling_time	Only for target (CR type)	Prior_surgery	Adverse_event	Diagnosis_comment	Stage 	Combo_class	Measurement_method	Race/Ethnicity	UMI (Only for target)	Deconvolution_cell_type	Filter_tag
ERX676160	11366649	ERR732447	ERX676160	E-MTAB-2397	Epithelium	Bronchial epithelial cell line	treated with 0.1 uM of nanoparticle PAMAM-OH	Without_stimulation	Without_therapy	Without_modification	Healthy				Lung	RNeasy mini kit (Qiagen)	TruSeq Stranded Total RNA Library kit (Illumina, San Diego, CA, USA)		D6	No_data	No_data		25530437	polyA RNA	SINGLE				6.5	msavchenko	ok	low EPCAM, some CD68 expression without other myeloid markers. All bronchial epithelial samples express CD68	ERR732447	ERX676160														Epithelium	
ERX676156	11629362	ERR732448	ERX676156	E-MTAB-2397	Epithelium	Bronchial epithelial cell line	treated with 0.1 uM of nanoparticle PAMAM-NH2								Lung	RNeasy mini kit (Qiagen)	TruSeq Stranded Total RNA Library kit (Illumina, San Diego, CA, USA)		D10	No_data	No_data		25530437	polyA RNA	SINGLE				7	msavchenko	ok	low EPCAM, some CD68 expression without other myeloid markers. All bronchial epithelial samples express CD68	ERR732448	ERX676156														Epithelium	
ERX676157	12311115	ERR732449	ERX676157	E-MTAB-2397	Epithelium	Bronchial epithelial cell line		Without_stimulation	Without_therapy	Without_modification	Healthy				Lung	RNeasy mini kit (Qiagen)	TruSeq Stranded Total RNA Library kit (Illumina, San Diego, CA, USA)		D8	No_data	No_data		25530437	polyA RNA	SINGLE				6.5	msavchenko	ok	low EPCAM, some CD68 expression without other myeloid markers. All bronchial epithelial samples express CD68	ERR732449	ERX676157														Epithelium	
ERX676160	11264038	ERR732450	ERX676160	E-MTAB-2397	Epithelium	Bronchial epithelial cell line	treated with 0.1 uM of nanoparticle PAMAM-OH	Without_stimulation	Without_therapy	Without_modification	Healthy				Lung	RNeasy mini kit (Qiagen)	TruSeq Stranded Total RNA Library kit (Illumina, San Diego, CA, USA)		D6	No_data	No_data		25530437	polyA RNA	SINGLE				6.5	msavchenko	ok	low EPCAM, some CD68 expression without other myeloid markers. All bronchial epithelial samples express CD68	ERR732450	ERX676160														Epithelium	
ERX676153	11923734	ERR732451	ERX676153	E-MTAB-2397	Epithelium	Bronchial epithelial cell line	treated with 0.1 uM of nanoparticle PAMAM-NH2	Without_stimulation	Without_therapy	Without_modification	Healthy				Lung	RNeasy mini kit (Qiagen)	TruSeq Stranded Total RNA Library kit (Illumina, San Diego, CA, USA)		D6	No_data	No_data		25530437	polyA RNA	SINGLE				5.75	msavchenko	ok	low EPCAM, some CD68 expression without other myeloid markers. All bronchial epithelial samples express CD68	ERR732451	ERX676153														Epithelium	
ERX676158	14231975	ERR732452	ERX676158	E-MTAB-2397	Epithelium	Bronchial epithelial cell line	treated with 0.1 uM of nanoparticle PAMAM-NH2	Without_stimulation	Without_therapy	Without_modification	Healthy				Lung	RNeasy mini kit (Qiagen)	TruSeq Stranded Total RNA Library kit (Illumina, San Diego, CA, USA)		D8	No_data	No_data		25530437	polyA RNA	SINGLE				6.5	msavchenko	ok	low EPCAM, some CD68 expression without other myeloid markers. All bronchial epithelial samples express CD68	ERR732452	ERX676158														Epithelium	
ERX676155	12722325	ERR732453	ERX676155	E-MTAB-2397	Epithelium	Bronchial epithelial cell line		Without_stimulation	Without_therapy	Without_modification	Healthy				Lung	RNeasy mini kit (Qiagen)	TruSeq Stranded Total RNA Library kit (Illumina, San Diego, CA, USA)		D10	No_data	No_data		25530437	polyA RNA	SINGLE				6.5	msavchenko	ok	low EPCAM, some CD68 expression without other myeloid markers. All bronchial epithelial samples express CD68	ERR732453	ERX676155														Epithelium	
ERX676158	14104991	ERR732454	ERX676158	E-MTAB-2397	Epithelium	Bronchial epithelial cell line	treated with 0.1 uM of nanoparticle PAMAM-NH2	Without_stimulation	Without_therapy	Without_modification	Healthy				Lung	RNeasy mini kit (Qiagen)	TruSeq Stranded Total RNA Library kit (Illumina, San Diego, CA, USA)		D8	No_data	No_data		25530437	polyA RNA	SINGLE				6.5	msavchenko	ok	low EPCAM, some CD68 expression without other myeloid markers. All bronchial epithelial samples express CD68	ERR732454	ERX676158														Epithelium	
ERX676161	14768142	ERR732455	ERX676161	E-MTAB-2397	Epithelium	Bronchial epithelial cell line		Without_stimulation	Without_therapy	Without_modification	Healthy				Lung	RNeasy mini kit (Qiagen)	TruSeq Stranded Total RNA Library kit (Illumina, San Diego, CA, USA)		D6	No_data	No_data		25530437	polyA RNA	SINGLE				6.5	msavchenko	ok	low EPCAM, some CD68 expression without other myeloid markers. All bronchial epithelial samples express CD68	ERR732455	ERX676161														Epithelium	
ERX676154	18472646	ERR732456	ERX676154	E-MTAB-2397	Epithelium	Bronchial epithelial cell line	treated with 0.1 uM of nanoparticle PAMAM-OH	Without_stimulation	Without_therapy	Without_modification	Healthy				Lung	RNeasy mini kit (Qiagen)	TruSeq Stranded Total RNA Library kit (Illumina, San Diego, CA, USA)		D10	No_data	No_data		25530437	polyA RNA	SINGLE				6.75	msavchenko	ok	low EPCAM, some CD68 expression without other myeloid markers. All bronchial epithelial samples express CD68	ERR732456	ERX676154														Epithelium	
ERX676157	12417813	ERR732457	ERX676157	E-MTAB-2397	Epithelium	Bronchial epithelial cell line		Without_stimulation	Without_therapy	Without_modification	Healthy				Lung	RNeasy mini kit (Qiagen)	TruSeq Stranded Total RNA Library kit (Illumina, San Diego, CA, USA)		D8	No_data	No_data		25530437	polyA RNA	SINGLE				6.5	msavchenko	ok	low EPCAM, some CD68 expression without other myeloid markers. All bronchial epithelial samples express CD68	ERR732457	ERX676157														Epithelium	
ERX676153	11991386	ERR732458	ERX676153	E-MTAB-2397	Epithelium	Bronchial epithelial cell line	treated with 0.1 uM of nanoparticle PAMAM-NH2	Without_stimulation	Without_therapy	Without_modification	Healthy				Lung	RNeasy mini kit (Qiagen)	TruSeq Stranded Total RNA Library kit (Illumina, San Diego, CA, USA)		D6	No_data	No_data		25530437	polyA RNA	SINGLE				6.75	msavchenko	ok	low EPCAM, some CD68 expression without other myeloid markers. All bronchial epithelial samples express CD68	ERR732458	ERX676153														Epithelium	
ERX676156	11680078	ERR732459	ERX676156	E-MTAB-2397	Epithelium	Bronchial epithelial cell line	treated with 0.1 uM of nanoparticle PAMAM-NH2	Without_stimulation	Without_therapy	Without_modification	Healthy				Lung	RNeasy mini kit (Qiagen)	TruSeq Stranded Total RNA Library kit (Illumina, San Diego, CA, USA)		D10	No_data	No_data		25530437	polyA RNA	SINGLE				6.75	msavchenko	ok	low EPCAM, some CD68 expression without other myeloid markers. All bronchial epithelial samples express CD68	ERR732459	ERX676156														Epithelium	
ERX676154	18641896	ERR732460	ERX676154	E-MTAB-2397	Epithelium	Bronchial epithelial cell line		Without_stimulation	Without_therapy	Without_modification	Healthy				Lung	RNeasy mini kit (Qiagen)	TruSeq Stranded Total RNA Library kit (Illumina, San Diego, CA, USA)		D10	No_data	No_data		25530437	polyA RNA	SINGLE				7	msavchenko	ok	low EPCAM, some CD68 expression without other myeloid markers. All bronchial epithelial samples express CD68	ERR732460	ERX676154														Epithelium	
ERX676161	14866565	ERR732461	ERX676161	E-MTAB-2397	Epithelium	Bronchial epithelial cell line		Without_stimulation	Without_therapy	Without_modification	Healthy				Lung	RNeasy mini kit (Qiagen)	TruSeq Stranded Total RNA Library kit (Illumina, San Diego, CA, USA)		D6	No_data	No_data		25530437	polyA RNA	SINGLE				6.5	msavchenko	ok	low EPCAM, some CD68 expression without other myeloid markers. All bronchial epithelial samples express CD68	ERR732461	ERX676161														Epithelium	
ERX676159	16172856	ERR732462	ERX676159	E-MTAB-2397	Epithelium	Bronchial epithelial cell line	treated with 0.1 uM of nanoparticle PAMAM-OH	Without_stimulation	Without_therapy	Without_modification	Healthy				Lung	RNeasy mini kit (Qiagen)	TruSeq Stranded Total RNA Library kit (Illumina, San Diego, CA, USA)		D8	No_data	No_data		25530437	polyA RNA	SINGLE				6.5	msavchenko	ok	low EPCAM, some CD68 expression without other myeloid markers. All bronchial epithelial samples express CD68	ERR732462	ERX676159														Epithelium	
ERX676159	16048956	ERR732463	ERX676159	E-MTAB-2397	Epithelium	Bronchial epithelial cell line	treated with 0.1 uM of nanoparticle PAMAM-OH	Without_stimulation	Without_therapy	Without_modification	Healthy				Lung	RNeasy mini kit (Qiagen)	TruSeq Stranded Total RNA Library kit (Illumina, San Diego, CA, USA)		D8	No_data	No_data		25530437	polyA RNA	SINGLE				6.5	msavchenko	ok	low EPCAM, some CD68 expression without other myeloid markers. All bronchial epithelial samples express CD68	ERR732463	ERX676159														Epithelium	
ERX676155	12845297	ERR732464	ERX676155	E-MTAB-2397	Epithelium	Bronchial epithelial cell line		Without_stimulation	Without_therapy	Without_modification	Healthy				Lung	RNeasy mini kit (Qiagen)	TruSeq Stranded Total RNA Library kit (Illumina, San Diego, CA, USA)		D10	No_data	No_data		25530437	polyA RNA	SINGLE				6.5	msavchenko	ok	low EPCAM, some CD68 expression without other myeloid markers. All bronchial epithelial samples express CD68	ERR732464	ERX676155														Epithelium	
SRX3589893	18649179	SRR6501062	SRX3589893	GSE109326	Epithelium	hTERT human mammary epithelial cells (hMEC)		Without_stimulation	Without_therapy	oeMYC	Healthy	GSM2938989			Skin	RNeasy mini kit (Qiagen)	NEBNext Ultra RNA Library Prep Kit for Illumina (NEB)		1	No_data	No_data		29576454	polyA RNA	SINGLE				5.75	msavchenko	good		SRR6501062	SRX3589893														Epithelium	
SRX3589894	20720009	SRR6501063	SRX3589894	GSE109326	Epithelium	hTERT human mammary epithelial cells (hMEC)		Without_stimulation	Without_therapy	oeMYC	Healthy	GSM2938990			Skin	RNeasy mini kit (Qiagen)	NEBNext Ultra RNA Library Prep Kit for Illumina (NEB)		1	No_data	No_data		29576454	polyA RNA	SINGLE				6.25	msavchenko	good		SRR6501063	SRX3589894														Epithelium	
SRX3589895	21582705	SRR6501064	SRX3589895	GSE109326	Epithelium	hTERT human mammary epithelial cells (hMEC)		Without_stimulation	Without_therapy	oeCCND1	Healthy	GSM2938991			Skin	RNeasy mini kit (Qiagen)	NEBNext Ultra RNA Library Prep Kit for Illumina (NEB)		1	No_data	No_data		29576454	polyA RNA	SINGLE				5.75	msavchenko	good		SRR6501064	SRX3589895														Epithelium	
SRX3589896	13337036	SRR6501065	SRX3589896	GSE109326	Epithelium	hTERT human mammary epithelial cells (hMEC)		Without_stimulation	Without_therapy	oeCCND1	Healthy	GSM2938992			Skin	RNeasy mini kit (Qiagen)	NEBNext Ultra RNA Library Prep Kit for Illumina (NEB)		1	No_data	No_data		29576454	polyA RNA	SINGLE				5.75	msavchenko	good		SRR6501065	SRX3589896														Epithelium	
SRX3589897	19768065	SRR6501066	SRX3589897	GSE109326	Epithelium	hTERT human mammary epithelial cells (hMEC)		Without_stimulation	Without_therapy	oeSRC	Healthy	GSM2938993			Skin	RNeasy mini kit (Qiagen)	NEBNext Ultra RNA Library Prep Kit for Illumina (NEB)		1	No_data	No_data		29576454	polyA RNA	SINGLE				6.25	msavchenko	good		SRR6501066	SRX3589897														Epithelium	
SRX3589898	25202957	SRR6501067	SRX3589898	GSE109326	Epithelium	hTERT human mammary epithelial cells (hMEC)		Without_stimulation	Without_therapy	oeSRC	Healthy	GSM2938994			Skin	RNeasy mini kit (Qiagen)	NEBNext Ultra RNA Library Prep Kit for Illumina (NEB)		1	No_data	No_data		29576454	polyA RNA	SINGLE				5.75	msavchenko	good		SRR6501067	SRX3589898														Epithelium	
SRX3589899	26986790	SRR6501068	SRX3589899	GSE109326	Epithelium	hTERT human mammary epithelial cells (hMEC)		Without_stimulation	Without_therapy	oeKRTAP10-6	Healthy	GSM2938995			Skin	RNeasy mini kit (Qiagen)	NEBNext Ultra RNA Library Prep Kit for Illumina (NEB)		1	No_data	No_data		29576454	polyA RNA	SINGLE				6.25	msavchenko	good		SRR6501068	SRX3589899														Epithelium	
SRX3589900	15482725	SRR6501069	SRX3589900	GSE109326	Epithelium	hTERT human mammary epithelial cells (hMEC)		Without_stimulation	Without_therapy	oeKRTAP10-6	Healthy	GSM2938996			Skin	RNeasy mini kit (Qiagen)	NEBNext Ultra RNA Library Prep Kit for Illumina (NEB)		1	No_data	No_data		29576454	polyA RNA	SINGLE				5.75	msavchenko	good		SRR6501069	SRX3589900														Epithelium	
SRX3589901	24763550	SRR6501070	SRX3589901	GSE109326	Epithelium	hTERT human mammary epithelial cells (hMEC)		Without_stimulation	Without_therapy	oeControl	Healthy	GSM2938997			Skin	RNeasy mini kit (Qiagen)	NEBNext Ultra RNA Library Prep Kit for Illumina (NEB)		1	No_data	No_data		29576454	polyA RNA	SINGLE				5.75	msavchenko	good		SRR6501070	SRX3589901														Epithelium	
SRX3589902	28310268	SRR6501071	SRX3589902	GSE109326	Epithelium	hTERT human mammary epithelial cells (hMEC)		Without_stimulation	Without_therapy	oeControl	Healthy	GSM2938998			Skin	RNeasy mini kit (Qiagen)	NEBNext Ultra RNA Library Prep Kit for Illumina (NEB)		1	No_data	No_data		29576454	polyA RNA	SINGLE				6.25	msavchenko	good		SRR6501071	SRX3589902														Epithelium	
SRX3589903	31707815	SRR6501072	SRX3589903	GSE109326	Epithelium	hTERT human mammary epithelial cells (hMEC)		Without_stimulation	Without_therapy	sgTP53	Healthy	GSM2938999			Skin	RNeasy mini kit (Qiagen)	NEBNext Ultra RNA Library Prep Kit for Illumina (NEB)		1	No_data	No_data		29576454	polyA RNA	SINGLE				6.25	msavchenko	bad	no EPCAM, although other epithelial markers (KRT7, KRT8, EGFR) are present. Contamination with fibroblasts (THY1 (CD90), FAP, COL1A1, MMP2)	SRR6501072	SRX3589903														Epithelium	
SRX3589904	24548243	SRR6501073	SRX3589904	GSE109326	Epithelium	hTERT human mammary epithelial cells (hMEC)		Without_stimulation	Without_therapy	sgTP53	Healthy	GSM2939000			Skin	RNeasy mini kit (Qiagen)	NEBNext Ultra RNA Library Prep Kit for Illumina (NEB)		1	No_data	No_data		29576454	polyA RNA	SINGLE				5.75	msavchenko	bad	no EPCAM, although other epithelial markers (KRT7, KRT8, EGFR) are present. Contamination with fibroblasts (THY1 (CD90), FAP, COL1A1, MMP2)	SRR6501073	SRX3589904														Epithelium	
SRX3702548	42625584	SRR6729601	SRX3702548	GSE110677	Epithelium	Primary mammary epithelial cells		Without_stimulation	Without_therapy	Without_modification	Healthy	GSM3009662			Epithelium	TRIsure reagent (Bioline, Luckenwalde Germany)	ScriptSeqTM V2 RNA-Seq library preparation kit (Epicenter)',		1	F	50		No_data	total RNA	PAIRED				4.75	msavchenko	ok	low EPCAM, some CD68 and CD86 expression without other myeloid markers, FAP expression without other fibroblast markers	SRR6729601	SRX3702548														Epithelium	
SRX3702549	43638723	SRR6729602	SRX3702549	GSE110677	Epithelium	Primary mammary epithelial cells		Without_stimulation	Without_therapy	Without_modification	Healthy	GSM3009665			Epithelium	TRIsure reagent (Bioline, Luckenwalde Germany)	ScriptSeqTM V2 RNA-Seq library preparation kit (Epicenter)',		1	F	50		No_data	total RNA	PAIRED				4	msavchenko	ok	low EPCAM, some CD68 and CD86 expression without other myeloid markers, FAP expression without other fibroblast markers	SRR6729602	SRX3702549														Epithelium	
SRX3702550	35150653	SRR6729603	SRX3702550	GSE110677	Epithelium	Primary mammary epithelial cells		Without_stimulation	Without_therapy	Without_modification	Healthy	GSM3009667			Epithelium	TRIsure reagent (Bioline, Luckenwalde Germany)	ScriptSeqTM V2 RNA-Seq library preparation kit (Epicenter)',		1	F	50		No_data	total RNA	PAIRED				4	msavchenko	ok	low EPCAM, some CD68 and CD86 expression without other myeloid markers, FAP expression without other fibroblast markers	SRR6729603	SRX3702550														Epithelium	
SRX3702552	41907773	SRR6729604	SRX3702552	GSE110677	Epithelium	Immortalized mammary epithelial cells		Without_stimulation	Without_therapy	transfected with hTERT, p53DD, cyclin D1, CDK4R24C and c-MYCT58A	Healthy	GSM3009668			Epithelium	TRIsure reagent (Bioline, Luckenwalde Germany)	ScriptSeqTM V2 RNA-Seq library preparation kit (Epicenter)',		No_data	No_data	No_data		No_data	total RNA	PAIRED				3.5	msavchenko	bad	no EPCAM, although some other epithelial markers (KRT7, KRT8) are present. Contamination with fibroblasts (THY1 (CD90), FAP, COL1A1, MMP2, PDGFRA)	SRR6729604	SRX3702552														Epithelium	
SRX3702553	40311704	SRR6729605	SRX3702553	GSE110677	Epithelium	Immortalized mammary epithelial cells		Without_stimulation	Without_therapy	transfected with hTERT, p53DD, cyclin D1, CDK4R24C and c-MYCT58A	Healthy	GSM3009669			Epithelium	TRIsure reagent (Bioline, Luckenwalde Germany)	ScriptSeqTM V2 RNA-Seq library preparation kit (Epicenter)',		No_data	No_data	No_data		No_data	total RNA	PAIRED				4.75	msavchenko	bad	no EPCAM, although some other epithelial markers (KRT7, KRT8) are present. Contamination with fibroblasts (THY1 (CD90), FAP, COL1A1, MMP2)	SRR6729605	SRX3702553														Epithelium	
SRX3702554	47725300	SRR6729606	SRX3702554	GSE110677	Epithelium	Immortalized mammary epithelial cells		Without_stimulation	Without_therapy	transfected with hTERT, p53DD, cyclin D1, CDK4R24C and c-MYCT58A	Healthy	GSM3009671			Epithelium	TRIsure reagent (Bioline, Luckenwalde Germany)	ScriptSeqTM V2 RNA-Seq library preparation kit (Epicenter)',		No_data	No_data	No_data		No_data	total RNA	PAIRED				4.75	msavchenko	bad	no EPCAM, although some other epithelial markers (KRT7, KRT8) are present. Contamination with fibroblasts (THY1 (CD90), FAP, COL1A1, MMP2)	SRR6729606	SRX3702554														Epithelium	
SRX3702555	31431431	SRR6729607	SRX3702555	GSE110677	Epithelium	Premalignant mammary epithelial cells		Without_stimulation	Without_therapy	transfected with hTERT, p53DD, cyclin D1, CDK4R24C and c-MYCT58A and also HRASG12V	Healthy	GSM3009673			Epithelium	TRIsure reagent (Bioline, Luckenwalde Germany)	ScriptSeqTM V2 RNA-Seq library preparation kit (Epicenter)',		No_data	No_data	No_data		No_data	total RNA	PAIRED				3.75	msavchenko	bad	no EPCAM, although some other epithelial markers (KRT7, KRT8) are present. Contamination with fibroblasts (THY1 (CD90), FAP, COL1A1, MMP2)	SRR6729607	SRX3702555														Epithelium	
SRX3702556	43273716	SRR6729608	SRX3702556	GSE110677	Epithelium	Premalignant mammary epithelial cells		Without_stimulation	Without_therapy	transfected with hTERT, p53DD, cyclin D1, CDK4R24C and c-MYCT58A and also HRASG12V	Healthy	GSM3009674			Epithelium	TRIsure reagent (Bioline, Luckenwalde Germany)	ScriptSeqTM V2 RNA-Seq library preparation kit (Epicenter)',		No_data	No_data	No_data		No_data	total RNA	PAIRED				5	msavchenko	bad	no EPCAM, although some other epithelial markers (KRT7, KRT8) are present. Contamination with fibroblasts (THY1 (CD90), FAP, COL1A1, MMP2)	SRR6729608	SRX3702556														Epithelium	
SRX3702557	41599442	SRR6729609	SRX3702557	GSE110677	Epithelium	Premalignant mammary epithelial cells		Without_stimulation	Without_therapy	transfected with hTERT, p53DD, cyclin D1, CDK4R24C and c-MYCT58A and also HRASG12V	Healthy	GSM3009675			Epithelium	TRIsure reagent (Bioline, Luckenwalde Germany)	ScriptSeqTM V2 RNA-Seq library preparation kit (Epicenter)',		No_data	No_data	No_data		No_data	total RNA	PAIRED				5	msavchenko	bad	no EPCAM, although some other epithelial markers (KRT7, KRT8) are present. Contamination with fibroblasts (THY1 (CD90), FAP, COL1A1, MMP2)	SRR6729609	SRX3702557														Epithelium	
SRX4123700	14123851	SRR7216846	SRX4123700	GSE114850	Epithelium	Bronchial epithelial cells		Without_stimulation	Without_therapy	shTP53 oeControl	Healthy	GSM3151668			Lung	RNeasy mini kit (Qiagen)	TruSeq Stranded Total RNA Library kit (Illumina, San Diego, CA, USA)		1	No_data	No_data		30463017	polyA RNA	SINGLE				5.75	msavchenko	good	some CD68 expression without other myeloid markers. All bronchial epithelial samples express CD68	SRR7216846	SRX4123700														Epithelium	
SRX4123701	18549905	SRR7216847	SRX4123701	GSE114850	Epithelium	Bronchial epithelial cells		Without_stimulation	Without_therapy	shTP53 oeControl	Healthy	GSM3151669			Lung	RNeasy mini kit (Qiagen)	TruSeq Stranded Total RNA Library kit (Illumina, San Diego, CA, USA)		2	No_data	No_data		30463017	polyA RNA	SINGLE				6.25	msavchenko	good	some CD68 expression without other myeloid markers. All bronchial epithelial samples express CD68	SRR7216847	SRX4123701														Epithelium	
SRX4123702	21490048	SRR7216848	SRX4123702	GSE114850	Epithelium	Bronchial epithelial cells		Without_stimulation	Without_therapy	shTP53 oeControl	Healthy	GSM3151670			Lung	RNeasy mini kit (Qiagen)	TruSeq Stranded Total RNA Library kit (Illumina, San Diego, CA, USA)		3	No_data	No_data		30463017	polyA RNA	SINGLE				6.75	msavchenko	good	some CD68 expression without other myeloid markers. All bronchial epithelial samples express CD68	SRR7216848	SRX4123702														Epithelium	
SRX4123703	22930070	SRR7216849	SRX4123703	GSE114850	Epithelium	Bronchial epithelial cells		Without_stimulation	Without_therapy	shTP53 oeTMPRSS11B	Healthy	GSM3151671			Lung	RNeasy mini kit (Qiagen)	TruSeq Stranded Total RNA Library kit (Illumina, San Diego, CA, USA)		1	No_data	No_data		30463017	polyA RNA	SINGLE				6.75	msavchenko	good	some CD68 expression without other myeloid markers. All bronchial epithelial samples express CD68	SRR7216849	SRX4123703														Epithelium	
SRX4123704	22217379	SRR7216850	SRX4123704	GSE114850	Epithelium	Bronchial epithelial cells		Without_stimulation	Without_therapy	shTP53 oeTMPRSS11B	Healthy	GSM3151672			Lung	RNeasy mini kit (Qiagen)	TruSeq Stranded Total RNA Library kit (Illumina, San Diego, CA, USA)		2	No_data	No_data		30463017	polyA RNA	SINGLE				6.75	msavchenko	good	some CD68 expression without other myeloid markers. All bronchial epithelial samples express CD68	SRR7216850	SRX4123704														Epithelium	
SRX959879	85944629	SRR1919599	SRX959879	GSE67070	Epithelium	Freshly purified human benign prostatic basal cells		Without_stimulation	No_data	Without_modification	Prostate_Cancer	GSM1638209	Trop2+ CD49fhi		Prostate	RNeasy mini kit (Qiagen)	TruSeq Stranded Total RNA Library kit (Illumina, San Diego, CA, USA)		HPCa173N	M	62		26924072	total RNA	PAIRED				5.25	msavchenko	ok	some HLA-DRA and HLA-DRB1 expression	SRR1919599	SRX959879														Epithelium	
SRX959880	71941691	SRR1919600	SRX959880	GSE67070	Epithelium	Freshly purified human benign prostatic basal cells		Without_stimulation	No_data	Without_modification	Prostate_Cancer	GSM1638210	Trop2+ CD49fhi		Prostate	RNeasy mini kit (Qiagen)	TruSeq Stranded Total RNA Library kit (Illumina, San Diego, CA, USA)		HPCa175N	M	67		26924072	total RNA	PAIRED				5.25	msavchenko	ok	some HLA-DRA and HLA-DRB1 expression	SRR1919600	SRX959880														Epithelium	
SRX959881	70325482	SRR1919601	SRX959881	GSE67070	Epithelium	Freshly purified human benign prostatic basal cells		Without_stimulation	No_data	Without_modification	Prostate_Cancer	GSM1638211	Trop2+ CD49fhi		Prostate	RNeasy mini kit (Qiagen)	TruSeq Stranded Total RNA Library kit (Illumina, San Diego, CA, USA)		HPCa177N	M	74		26924072	total RNA	PAIRED				5.25	msavchenko	ok	some HLA-DRA and HLA-DRB1 expression	SRR1919601	SRX959881														Epithelium	
SRX959882	74631067	SRR1919602	SRX959882	GSE67070	Epithelium	Freshly purified human benign prostatic luminal cells		Without_stimulation	No_data	Without_modification	Prostate_Cancer	GSM1638212	Trop2+ CD49flo		Prostate	RNeasy mini kit (Qiagen)	TruSeq Stranded Total RNA Library kit (Illumina, San Diego, CA, USA)		HPCa173N	M	62		26924072	total RNA	PAIRED				5	msavchenko	ok	some HLA-DRA and HLA-DRB1 expression	SRR1919602	SRX959882														Epithelium	
SRX959883	67353488	SRR1919603	SRX959883	GSE67070	Epithelium	Freshly purified human benign prostatic luminal cells		Without_stimulation	No_data	Without_modification	Prostate_Cancer	GSM1638213	Trop2+ CD49flo		Prostate	RNeasy mini kit (Qiagen)	TruSeq Stranded Total RNA Library kit (Illumina, San Diego, CA, USA)		HPCa175N	M	67		26924072	total RNA	PAIRED				5.25	msavchenko	ok	some HLA-DRA and HLA-DRB1 expression	SRR1919603	SRX959883														Epithelium	
SRX2437667	31268909	SRR5122522	SRX2437667	GSE84273	Epithelium	intermediate differentiation AEC cells		Without_stimulation	Without_therapy	Without_modification	Healthy	GSM2434060		strange poly-total		TriplePrep Kit (Illustra)	No_data		Donor 1	No_data	No_data		30212242	total RNA	PAIRED				5.75	msavchenko	ok	little contamination with macrophages (HLA-DRA, HLA-DRB1, 3-8 TPM expression of MRC1, FCGR3A and VSIG4)	SRR5122522	SRX2437667														Epithelium	
SRX5310597	10943128	SRR8506747	SRX5310597	GSE125887	Mast_cells		Differentiation protocol: CD34+ cells were isolated from buffy coats and cultured for 10 weeks in the presence of 100 ng/ml hSCF, 50 ng/ml hIL-6 and 5 ng/ml hIL-3 (first 3 weeks only).	Without_stimulation	Without_therapy	Without_modification	Healthy	GSM3583947			Whole_blood	TRIzol™ Reagent (Invitrogen)	TruSeq RNA Library Prep Kit v2 (Illumina)		1	No_data	No_data		30185599	total RNA	PAIRED				6.125				SRR8506747	SRX5310597														Mast_cells	
SRX5310598	5375630	SRR8506748	SRX5310598	GSE125887	Mast_cells		Differentiation protocol: CD34+ cells were isolated from buffy coats and cultured for 10 weeks in the presence of 100 ng/ml hSCF, 50 ng/ml hIL-6 and 5 ng/ml hIL-3 (first 3 weeks only).	IgE_overnight	Without_therapy	Without_modification	Healthy	GSM3583948			Whole_blood	TRIzol™ Reagent (Invitrogen)	TruSeq RNA Library Prep Kit v2 (Illumina)		1	No_data	No_data		30185599	total RNA	PAIRED				7				SRR8506748	SRX5310598														Mast_cells	
SRX5310599	9514494	SRR8506749	SRX5310599	GSE125887	Mast_cells		Differentiation protocol: CD34+ cells were isolated from buffy coats and cultured for 10 weeks in the presence of 100 ng/ml hSCF, 50 ng/ml hIL-6 and 5 ng/ml hIL-3 (first 3 weeks only).	Hour_2_of_anti-IgE_and_IgE_overnight	Without_therapy	Without_modification	Healthy	GSM3583949			Whole_blood	TRIzol™ Reagent (Invitrogen)	TruSeq RNA Library Prep Kit v2 (Illumina)		1	No_data	No_data		30185599	total RNA	PAIRED				6.708333				SRR8506749	SRX5310599														Mast_cells	
SRX5310600	6152630	SRR8506750	SRX5310600	GSE125887	Mast_cells		Differentiation protocol: CD34+ cells were isolated from buffy coats and cultured for 10 weeks in the presence of 100 ng/ml hSCF, 50 ng/ml hIL-6 and 5 ng/ml hIL-3 (first 3 weeks only).	Without_stimulation	Without_therapy	Without_modification	Healthy	GSM3583950			Whole_blood	TRIzol™ Reagent (Invitrogen)	TruSeq RNA Library Prep Kit v2 (Illumina)		2	No_data	No_data		30185599	total RNA	PAIRED				7				SRR8506750	SRX5310600														Mast_cells	
SRX5310601	9892576	SRR8506751	SRX5310601	GSE125887	Mast_cells		Differentiation protocol: CD34+ cells were isolated from buffy coats and cultured for 10 weeks in the presence of 100 ng/ml hSCF, 50 ng/ml hIL-6 and 5 ng/ml hIL-3 (first 3 weeks only).	IgE_overnight	Without_therapy	Without_modification	Healthy	GSM3583951			Whole_blood	TRIzol™ Reagent (Invitrogen)	TruSeq RNA Library Prep Kit v2 (Illumina)		2	No_data	No_data		30185599	total RNA	PAIRED				6.708333				SRR8506751	SRX5310601														Mast_cells	
SRX5310602	5722977	SRR8506752	SRX5310602	GSE125887	Mast_cells		Differentiation protocol: CD34+ cells were isolated from buffy coats and cultured for 10 weeks in the presence of 100 ng/ml hSCF, 50 ng/ml hIL-6 and 5 ng/ml hIL-3 (first 3 weeks only).	Hour_2_of_anti-IgE_and_IgE_overnight	Without_therapy	Without_modification	Healthy	GSM3583952			Whole_blood	TRIzol™ Reagent (Invitrogen)	TruSeq RNA Library Prep Kit v2 (Illumina)		2	No_data	No_data		30185599	total RNA	PAIRED				7				SRR8506752	SRX5310602														Mast_cells	
SRX5310603	9752906	SRR8506753	SRX5310603	GSE125887	Mast_cells		Differentiation protocol: CD34+ cells were isolated from buffy coats and cultured for 10 weeks in the presence of 100 ng/ml hSCF, 50 ng/ml hIL-6 and 5 ng/ml hIL-3 (first 3 weeks only).	Without_stimulation	Without_therapy	Without_modification	Healthy	GSM3583953			Whole_blood	TRIzol™ Reagent (Invitrogen)	TruSeq RNA Library Prep Kit v2 (Illumina)		3	No_data	No_data		30185599	polyA RNA	PAIRED				6.125				SRR8506753	SRX5310603														Mast_cells	
SRX5310604	6595351	SRR8506754	SRX5310604	GSE125887	Mast_cells		Differentiation protocol: CD34+ cells were isolated from buffy coats and cultured for 10 weeks in the presence of 100 ng/ml hSCF, 50 ng/ml hIL-6 and 5 ng/ml hIL-3 (first 3 weeks only).	IgE_overnight	Without_therapy	Without_modification	Healthy	GSM3583954			Whole_blood	TRIzol™ Reagent (Invitrogen)	TruSeq RNA Library Prep Kit v2 (Illumina)		3	No_data	No_data		30185599	polyA RNA	PAIRED				6.708333				SRR8506754	SRX5310604														Mast_cells	
SRX5310605	11779210	SRR8506755	SRX5310605	GSE125887	Mast_cells		Differentiation protocol: CD34+ cells were isolated from buffy coats and cultured for 10 weeks in the presence of 100 ng/ml hSCF, 50 ng/ml hIL-6 and 5 ng/ml hIL-3 (first 3 weeks only).	Hour_2_of_anti-IgE_and_IgE_overnight	Without_therapy	Without_modification	Healthy	GSM3583955			Whole_blood	TRIzol™ Reagent (Invitrogen)	TruSeq RNA Library Prep Kit v2 (Illumina)		3	No_data	No_data		30185599	polyA RNA	PAIRED				6.708333				SRR8506755	SRX5310605														Mast_cells	
SRX5310606	6689818	SRR8506756	SRX5310606	GSE125887	Mast_cells		Differentiation protocol: CD34+ cells were isolated from buffy coats and cultured for 10 weeks in the presence of 100 ng/ml hSCF, 50 ng/ml hIL-6 and 5 ng/ml hIL-3 (first 3 weeks only).	Without_stimulation	Without_therapy	Without_modification	Healthy	GSM3583956			Whole_blood	TRIzol™ Reagent (Invitrogen)	TruSeq RNA Library Prep Kit v2 (Illumina)		4	No_data	No_data		30185599	polyA RNA	PAIRED				6.708333				SRR8506756	SRX5310606														Mast_cells	
SRX5310607	4057181	SRR8506757	SRX5310607	GSE125887	Mast_cells		Differentiation protocol: CD34+ cells were isolated from buffy coats and cultured for 10 weeks in the presence of 100 ng/ml hSCF, 50 ng/ml hIL-6 and 5 ng/ml hIL-3 (first 3 weeks only).	IgE_overnight	Without_therapy	Without_modification	Healthy	GSM3583957			Whole_blood	TRIzol™ Reagent (Invitrogen)	TruSeq RNA Library Prep Kit v2 (Illumina)		4	No_data	No_data		30185599	polyA RNA	PAIRED				6.708333				SRR8506757	SRX5310607														Mast_cells	
SRX5310608	6407460	SRR8506758	SRX5310608	GSE125887	Mast_cells		Differentiation protocol: CD34+ cells were isolated from buffy coats and cultured for 10 weeks in the presence of 100 ng/ml hSCF, 50 ng/ml hIL-6 and 5 ng/ml hIL-3 (first 3 weeks only).	Hour_2_of_anti-IgE_and_IgE_overnight	Without_therapy	Without_modification	Healthy	GSM3583958			Whole_blood	TRIzol™ Reagent (Invitrogen)	TruSeq RNA Library Prep Kit v2 (Illumina)		4	No_data	No_data		30185599	polyA RNA	PAIRED				7				SRR8506758	SRX5310608														Mast_cells	
SRX1117126	20406588	SRR2125742	SRX1117126	GSE71247	Mast_cells	treated CD34+ cells		Stem Cell Factor_IL6_and_IL-3 _for_6_to_8 weeks	Without_therapy	Without_modification	Healthy	GSM1831353	CD34+	Ribo-Zero rRNA Removal Kit (Illumina, San Diego, CA)	Whole_blood	RNeasy mini kit (Qiagen)	Solid Total Rna kit	CD34+ MACS cell separation system (Miltenyi Biotech)	No_data	Male	Adult		26659448	polyA RNA	SINGLE		BAD (Solid)		4	Sasha	bad	many T cell genes are low expressed	SRR2125742	SRX1117126														Mast_cells	
SRX3421756	10941876.07	SRR6321933	SRX3421756	GSE107316	Mast_cells		Peripheral blood-derived CD34+ cells were cultured with 5 ng/ml hIL-3, 100 ng/ml hSCF and 50 ng/ml hIL-6 for 3 weeks. Subsequently,100 ng/ml hSCF and 50 ng/ml hIL-6 were used for additional 7 weeks	Without_stimulation	Without_therapy	Without_modification	Healthy	GSM2864756	FceRI+ KIT+		Whole_blood	No_data	Illumina	No_data	UT1	No_data	No_data		No_data	total RNA	PAIRED				6.125				SRR6321933	SRX3421756														Mast_cells	
SRX3421757	6152684.669	SRR6321934	SRX3421757	GSE107316	Mast_cells		Peripheral blood-derived CD34+ cells were cultured with 5 ng/ml hIL-3, 100 ng/ml hSCF and 50 ng/ml hIL-6 for 3 weeks. Subsequently,100 ng/ml hSCF and 50 ng/ml hIL-6 were used for additional 7 weeks	Without_stimulation	Without_therapy	Without_modification	Healthy	GSM2864757	FceRI+ KIT+		Whole_blood	No_data	Illumina	No_data	UT2	No_data	No_data		No_data	total RNA	PAIRED				7				SRR6321934	SRX3421757														Mast_cells	
SRX3421758	9752773.53	SRR6321935	SRX3421758	GSE107316	Mast_cells		Peripheral blood-derived CD34+ cells were cultured with 5 ng/ml hIL-3, 100 ng/ml hSCF and 50 ng/ml hIL-6 for 3 weeks. Subsequently,100 ng/ml hSCF and 50 ng/ml hIL-6 were used for additional 7 weeks	Without_stimulation	Without_therapy	Without_modification	Healthy	GSM2864758	FceRI+ KIT+		Whole_blood	No_data	Illumina	No_data	UT3	No_data	No_data		No_data	total RNA	PAIRED				6.125				SRR6321935	SRX3421758														Mast_cells	
SRX3421759	6689589.598	SRR6321936	SRX3421759	GSE107316	Mast_cells		Peripheral blood-derived CD34+ cells were cultured with 5 ng/ml hIL-3, 100 ng/ml hSCF and 50 ng/ml hIL-6 for 3 weeks. Subsequently,100 ng/ml hSCF and 50 ng/ml hIL-6 were used for additional 7 weeks	Without_stimulation	Without_therapy	Without_modification	Healthy	GSM2864759	FceRI+ KIT+		Whole_blood	No_data	Illumina	No_data	UT4	No_data	No_data		No_data	total RNA	PAIRED				6.708333333				SRR6321936	SRX3421759														Mast_cells	
SRX3421760	5375143.385	SRR6321937	SRX3421760	GSE107316	Mast_cells		Peripheral blood-derived CD34+ cells were cultured with 5 ng/ml hIL-3, 100 ng/ml hSCF and 50 ng/ml hIL-6 for 3 weeks. Subsequently,100 ng/ml hSCF and 50 ng/ml hIL-6 were used for additional 7 weeks	Hour_18_of_Myeloma IgE	Without_therapy	Without_modification	Healthy	GSM2864760	FceRI+ KIT+		Whole_blood	No_data	Illumina	No_data	IgE1	No_data	No_data		No_data	total RNA	PAIRED				7				SRR6321937	SRX3421760														Mast_cells	
SRX3421761	9892909.825	SRR6321938	SRX3421761	GSE107316	Mast_cells		Peripheral blood-derived CD34+ cells were cultured with 5 ng/ml hIL-3, 100 ng/ml hSCF and 50 ng/ml hIL-6 for 3 weeks. Subsequently,100 ng/ml hSCF and 50 ng/ml hIL-6 were used for additional 7 weeks	Hour_18_of_Myeloma IgE	Without_therapy	Without_modification	Healthy	GSM2864761	FceRI+ KIT+		Whole_blood	No_data	Illumina	No_data	IgE2	No_data	No_data		No_data	total RNA	PAIRED				6.708333333				SRR6321938	SRX3421761														Mast_cells	
SRX3421762	6595188.055	SRR6321939	SRX3421762	GSE107316	Mast_cells		Peripheral blood-derived CD34+ cells were cultured with 5 ng/ml hIL-3, 100 ng/ml hSCF and 50 ng/ml hIL-6 for 3 weeks. Subsequently,100 ng/ml hSCF and 50 ng/ml hIL-6 were used for additional 7 weeks	Hour_18_of_Myeloma IgE	Without_therapy	Without_modification	Healthy	GSM2864762	FceRI+ KIT+		Whole_blood	No_data	Illumina	No_data	IgE3	No_data	No_data		No_data	total RNA	PAIRED				6.708333333				SRR6321939	SRX3421762														Mast_cells	
SRX3421763	4056989.598	SRR6321940	SRX3421763	GSE107316	Mast_cells		Peripheral blood-derived CD34+ cells were cultured with 5 ng/ml hIL-3, 100 ng/ml hSCF and 50 ng/ml hIL-6 for 3 weeks. Subsequently,100 ng/ml hSCF and 50 ng/ml hIL-6 were used for additional 7 weeks	Hour_18_of_Myeloma IgE	Without_therapy	Without_modification	Healthy	GSM2864763	FceRI+ KIT+		Whole_blood	No_data	Illumina	No_data	IgE4	No_data	No_data		No_data	total RNA	PAIRED				6.708333333				SRR6321940	SRX3421763														Mast_cells	
SRX3421764	9514475.227	SRR6321941	SRX3421764	GSE107316	Mast_cells		Peripheral blood-derived CD34+ cells were cultured with 5 ng/ml hIL-3, 100 ng/ml hSCF and 50 ng/ml hIL-6 for 3 weeks. Subsequently,100 ng/ml hSCF and 50 ng/ml hIL-6 were used for additional 7 weeks	Hour_2_of_Anti-IgE_after_hour_18_of_myeloma_IgE	Without_therapy	Without_modification	Healthy	GSM2864764	FceRI+ KIT+		Whole_blood	No_data	Illumina	No_data	Ag1	No_data	No_data		No_data	total RNA	PAIRED				6.708333333				SRR6321941	SRX3421764														Mast_cells	
SRX3421765	5722886.854	SRR6321942	SRX3421765	GSE107316	Mast_cells		Peripheral blood-derived CD34+ cells were cultured with 5 ng/ml hIL-3, 100 ng/ml hSCF and 50 ng/ml hIL-6 for 3 weeks. Subsequently,100 ng/ml hSCF and 50 ng/ml hIL-6 were used for additional 7 weeks	Hour_2_of_Anti-IgE_after_hour_18_of_myeloma_IgE	Without_therapy	Without_modification	Healthy	GSM2864765	FceRI+ KIT+		Whole_blood	No_data	Illumina	No_data	Ag2	No_data	No_data		No_data	total RNA	PAIRED				7				SRR6321942	SRX3421765														Mast_cells	
SRX3421766	11779401.97	SRR6321943	SRX3421766	GSE107316	Mast_cells		Peripheral blood-derived CD34+ cells were cultured with 5 ng/ml hIL-3, 100 ng/ml hSCF and 50 ng/ml hIL-6 for 3 weeks. Subsequently,100 ng/ml hSCF and 50 ng/ml hIL-6 were used for additional 7 weeks	Hour_2_of_Anti-IgE_after_hour_18_of_myeloma_IgE	Without_therapy	Without_modification	Healthy	GSM2864766	FceRI+ KIT+		Whole_blood	No_data	Illumina	No_data	Ag3	No_data	No_data		No_data	total RNA	PAIRED				6.708333333				SRR6321943	SRX3421766														Mast_cells	
SRX3421767	6407672.172	SRR6321944	SRX3421767	GSE107316	Mast_cells		Peripheral blood-derived CD34+ cells were cultured with 5 ng/ml hIL-3, 100 ng/ml hSCF and 50 ng/ml hIL-6 for 3 weeks. Subsequently,100 ng/ml hSCF and 50 ng/ml hIL-6 were used for additional 7 weeks	Hour_2_of_Anti-IgE_after_hour_18_of_myeloma_IgE	Without_therapy	Without_modification	Healthy	GSM2864767	FceRI+ KIT+		Whole_blood	No_data	Illumina	No_data	Ag4	No_data	No_data		No_data	total RNA	PAIRED				7				SRR6321944	SRX3421767														Mast_cells	
SRX7207786	8860473	SRR10523217	SRX7207786	GSE140900	Mast_cells	Induced mast cells	Bone marrow cells were differentiated using IL-6+SCF+IL-3 for 3 weeks, IL-6+SCF for 4 more weeks.	Primed-with-Fel_d_1-specific_IgE_for_18h_and_activated_with_Fel_d_1_antigen_for_4h	Without_therapy	Without_modification	Healthy	GSM4190039	CD117+ FceRIa+	Bone marrow cells were differentiated using IL-6+SCF+IL-3f or 3 weeks + IL-6+SCF for 4 more weeks.	BMMC	TRIzol™ Reagent (Invitrogen)+MagMAX 96 Total RNA Isolation Kit (Ambion by Life Technologies)	KAPA Stranded mRNA-Seq Kit (Roche)	FACS	1030426	No_data	No_data		31838750	polyA RNA	SINGLE				6.125				SRR10523217	SRX7207786														Mast_cells	
SRX7207790	10372710	SRR10523221	SRX7207790	GSE140900	Mast_cells	Induced mast cells	Bone marrow cells were differentiated using IL-6+SCF+IL-3 for 3 weeks, IL-6+SCF for 4 more weeks.	Stimulated_with_IL4_for_24h	Without_therapy	Without_modification	Healthy	GSM4190043	CD117+ FceRIa+	Bone marrow cells were differentiated using IL-6+SCF+IL-3f or 3 weeks + IL-6+SCF for 4 more weeks.	BMMC	TRIzol™ Reagent (Invitrogen)+MagMAX 96 Total RNA Isolation Kit (Ambion by Life Technologies)	KAPA Stranded mRNA-Seq Kit (Roche)	FACS	1030430	No_data	No_data		31838750	polyA RNA	SINGLE				7				SRR10523221	SRX7207790														Mast_cells	
SRX7207793	10191316	SRR10523224	SRX7207793	GSE140900	Mast_cells	Induced mast cells	Bone marrow cells were differentiated using IL-6+SCF+IL-3 for 3 weeks, IL-6+SCF for 4 more weeks.	Stimulated_with_IL4_for_24h	Without_therapy	Without_modification	Healthy	GSM4190046	CD117+ FceRIa+	Bone marrow cells were differentiated using IL-6+SCF+IL-3f or 3 weeks + IL-6+SCF for 4 more weeks.	BMMC	TRIzol™ Reagent (Invitrogen)+MagMAX 96 Total RNA Isolation Kit (Ambion by Life Technologies)	KAPA Stranded mRNA-Seq Kit (Roche)	FACS	1030433	No_data	No_data		31838750	polyA RNA	SINGLE				7				SRR10523224	SRX7207793														Mast_cells	
SRX7207801	10170145	SRR10523232	SRX7207801	GSE140900	Mast_cells	Induced mast cells	Bone marrow cells were differentiated using IL-6+SCF+IL-3 for 3 weeks, IL-6+SCF for 4 more weeks.	Stimulated_with_IL13_for_24h	Without_therapy	Without_modification	Healthy	GSM4190054	CD117+ FceRIa+	Bone marrow cells were differentiated using IL-6+SCF+IL-3f or 3 weeks + IL-6+SCF for 4 more weeks.	BMMC	TRIzol™ Reagent (Invitrogen)+MagMAX 96 Total RNA Isolation Kit (Ambion by Life Technologies)	KAPA Stranded mRNA-Seq Kit (Roche)	FACS	1030441	No_data	No_data		31838750	polyA RNA	SINGLE				7				SRR10523232	SRX7207801														Mast_cells	
SRX7207795	11224654	SRR10523226	SRX7207795	GSE140900	Mast_cells	Induced mast cells	Bone marrow cells were differentiated using IL-6+SCF+IL-3 for 3 weeks, IL-6+SCF for 4 more weeks.	Stimulated_with_IL4_for_24h + primed-with-Fel_d_1-specific_IgE_for_18h_and_activated_with_Fel_d_1_antigen_for_4h	Without_therapy	Without_modification	Healthy	GSM4190048	CD117+ FceRIa+	Bone marrow cells were differentiated using IL-6+SCF+IL-3f or 3 weeks + IL-6+SCF for 4 more weeks.	BMMC	TRIzol™ Reagent (Invitrogen)+MagMAX 96 Total RNA Isolation Kit (Ambion by Life Technologies)	KAPA Stranded mRNA-Seq Kit (Roche)	FACS	1030435	No_data	No_data		31838750	polyA RNA	SINGLE				7				SRR10523226	SRX7207795														Mast_cells	
SRX7207788	10456888	SRR10523219	SRX7207788	GSE140900	Mast_cells	Induced mast cells	Bone marrow cells were differentiated using IL-6+SCF+IL-3 for 3 weeks, IL-6+SCF for 4 more weeks.	Primed-with-Fel_d_1-specific_IgE_for_18h_and_activated_with_Fel_d_1_antigen_for_4h	Without_therapy	Without_modification	Healthy	GSM4190041	CD117+ FceRIa+	Bone marrow cells were differentiated using IL-6+SCF+IL-3f or 3 weeks + IL-6+SCF for 4 more weeks.	BMMC	TRIzol™ Reagent (Invitrogen)+MagMAX 96 Total RNA Isolation Kit (Ambion by Life Technologies)	KAPA Stranded mRNA-Seq Kit (Roche)	FACS	1030428	No_data	No_data		31838750	polyA RNA	SINGLE				7				SRR10523219	SRX7207788														Mast_cells	
SRX7207802	4215994	SRR10523233	SRX7207802	GSE140900	Mast_cells	Induced mast cells	Bone marrow cells were differentiated using IL-6+SCF+IL-3 for 3 weeks, IL-6+SCF for 4 more weeks.	Stimulated_with_IL13_for_24h + primed-with-Fel_d_1-specific_IgE_for_18h_and_activated_with_Fel_d_1_antigen_for_4h	Without_therapy	Without_modification	Healthy	GSM4190055	CD117+ FceRIa+	Bone marrow cells were differentiated using IL-6+SCF+IL-3f or 3 weeks + IL-6+SCF for 4 more weeks.	BMMC	TRIzol™ Reagent (Invitrogen)+MagMAX 96 Total RNA Isolation Kit (Ambion by Life Technologies)	KAPA Stranded mRNA-Seq Kit (Roche)	FACS	1030442	No_data	No_data		31838750	polyA RNA	SINGLE				4.666667				SRR10523233	SRX7207802														Mast_cells	
SRX7207784	11796768	SRR10523215	SRX7207784	GSE140900	Mast_cells	Induced mast cells	Bone marrow cells were differentiated using IL-6+SCF+IL-3 for 3 weeks, IL-6+SCF for 4 more weeks.	Without_stimulation	Without_therapy	Without_modification	Healthy	GSM4190037	CD117+ FceRIa+	Bone marrow cells were differentiated using IL-6+SCF+IL-3f or 3 weeks + IL-6+SCF for 4 more weeks.	BMMC	TRIzol™ Reagent (Invitrogen)+MagMAX 96 Total RNA Isolation Kit (Ambion by Life Technologies)	KAPA Stranded mRNA-Seq Kit (Roche)	FACS	1030424	No_data	No_data		31838750	polyA RNA	SINGLE				7				SRR10523215	SRX7207784														Mast_cells	
SRX7207799	9848074	SRR10523230	SRX7207799	GSE140900	Mast_cells	Induced mast cells	Bone marrow cells were differentiated using IL-6+SCF+IL-3 for 3 weeks, IL-6+SCF for 4 more weeks.	Stimulated_with_IL13_for_24h	Without_therapy	Without_modification	Healthy	GSM4190052	CD117+ FceRIa+	Bone marrow cells were differentiated using IL-6+SCF+IL-3f or 3 weeks + IL-6+SCF for 4 more weeks.	BMMC	TRIzol™ Reagent (Invitrogen)+MagMAX 96 Total RNA Isolation Kit (Ambion by Life Technologies)	KAPA Stranded mRNA-Seq Kit (Roche)	FACS	1030439	No_data	No_data		31838750	polyA RNA	SINGLE				7				SRR10523230	SRX7207799														Mast_cells	
SRX7207785	11260132	SRR10523216	SRX7207785	GSE140900	Mast_cells	Induced mast cells	Bone marrow cells were differentiated using IL-6+SCF+IL-3 for 3 weeks, IL-6+SCF for 4 more weeks.	Without_stimulation	Without_therapy	Without_modification	Healthy	GSM4190038	CD117+ FceRIa+	Bone marrow cells were differentiated using IL-6+SCF+IL-3f or 3 weeks + IL-6+SCF for 4 more weeks.	BMMC	TRIzol™ Reagent (Invitrogen)+MagMAX 96 Total RNA Isolation Kit (Ambion by Life Technologies)	KAPA Stranded mRNA-Seq Kit (Roche)	FACS	1030425	No_data	No_data		31838750	polyA RNA	SINGLE				7				SRR10523216	SRX7207785														Mast_cells	
SRX7207791	8865075	SRR10523222	SRX7207791	GSE140900	Mast_cells	Induced mast cells	Bone marrow cells were differentiated using IL-6+SCF+IL-3 for 3 weeks, IL-6+SCF for 4 more weeks.	Stimulated_with_IL4_for_24h	Without_therapy	Without_modification	Healthy	GSM4190044	CD117+ FceRIa+	Bone marrow cells were differentiated using IL-6+SCF+IL-3f or 3 weeks + IL-6+SCF for 4 more weeks.	BMMC	TRIzol™ Reagent (Invitrogen)+MagMAX 96 Total RNA Isolation Kit (Ambion by Life Technologies)	KAPA Stranded mRNA-Seq Kit (Roche)	FACS	1030431	No_data	No_data		31838750	polyA RNA	SINGLE				7				SRR10523222	SRX7207791														Mast_cells	
SRX7207797	13656211	SRR10523228	SRX7207797	GSE140900	Mast_cells	Induced mast cells	Bone marrow cells were differentiated using IL-6+SCF+IL-3 for 3 weeks, IL-6+SCF for 4 more weeks.	Stimulated_with_IL4_for_24h + primed-with-Fel_d_1-specific_IgE_for_18h_and_activated_with_Fel_d_1_antigen_for_4h	Without_therapy	Without_modification	Healthy	GSM4190050	CD117+ FceRIa+	Bone marrow cells were differentiated using IL-6+SCF+IL-3f or 3 weeks + IL-6+SCF for 4 more weeks.	BMMC	TRIzol™ Reagent (Invitrogen)+MagMAX 96 Total RNA Isolation Kit (Ambion by Life Technologies)	KAPA Stranded mRNA-Seq Kit (Roche)	FACS	1030437	No_data	No_data		31838750	polyA RNA	SINGLE				7				SRR10523228	SRX7207797														Mast_cells	
SRX7207800	10139231	SRR10523231	SRX7207800	GSE140900	Mast_cells	Induced mast cells	Bone marrow cells were differentiated using IL-6+SCF+IL-3 for 3 weeks, IL-6+SCF for 4 more weeks.	Stimulated_with_IL13_for_24h	Without_therapy	Without_modification	Healthy	GSM4190053	CD117+ FceRIa+	Bone marrow cells were differentiated using IL-6+SCF+IL-3f or 3 weeks + IL-6+SCF for 4 more weeks.	BMMC	TRIzol™ Reagent (Invitrogen)+MagMAX 96 Total RNA Isolation Kit (Ambion by Life Technologies)	KAPA Stranded mRNA-Seq Kit (Roche)	FACS	1030440	No_data	No_data		31838750	polyA RNA	SINGLE				7				SRR10523231	SRX7207800														Mast_cells	
SRX7207787	12099669	SRR10523218	SRX7207787	GSE140900	Mast_cells	Induced mast cells	Bone marrow cells were differentiated using IL-6+SCF+IL-3 for 3 weeks, IL-6+SCF for 4 more weeks.	Primed-with-Fel_d_1-specific_IgE_for_18h_and_activated_with_Fel_d_1_antigen_for_4h	Without_therapy	Without_modification	Healthy	GSM4190040	CD117+ FceRIa+	Bone marrow cells were differentiated using IL-6+SCF+IL-3f or 3 weeks + IL-6+SCF for 4 more weeks.	BMMC	TRIzol™ Reagent (Invitrogen)+MagMAX 96 Total RNA Isolation Kit (Ambion by Life Technologies)	KAPA Stranded mRNA-Seq Kit (Roche)	FACS	1030427	No_data	No_data		31838750	polyA RNA	SINGLE				7				SRR10523218	SRX7207787														Mast_cells	
SRX7207782	11353291	SRR10523213	SRX7207782	GSE140900	Mast_cells	Induced mast cells	Bone marrow cells were differentiated using IL-6+SCF+IL-3 for 3 weeks, IL-6+SCF for 4 more weeks.	Without_stimulation	Without_therapy	Without_modification	Healthy	GSM4190035	CD117+ FceRIa+	Bone marrow cells were differentiated using IL-6+SCF+IL-3f or 3 weeks + IL-6+SCF for 4 more weeks.	BMMC	TRIzol™ Reagent (Invitrogen)+MagMAX 96 Total RNA Isolation Kit (Ambion by Life Technologies)	KAPA Stranded mRNA-Seq Kit (Roche)	FACS	1030422	No_data	No_data		31838750	polyA RNA	SINGLE				7				SRR10523213	SRX7207782														Mast_cells	
SRX7207804	11438786	SRR10523235	SRX7207804	GSE140900	Mast_cells	Induced mast cells	Bone marrow cells were differentiated using IL-6+SCF+IL-3 for 3 weeks, IL-6+SCF for 4 more weeks.	Stimulated_with_IL13_for_24h + primed-with-Fel_d_1-specific_IgE_for_18h_and_activated_with_Fel_d_1_antigen_for_4h	Without_therapy	Without_modification	Healthy	GSM4190057	CD117+ FceRIa+	Bone marrow cells were differentiated using IL-6+SCF+IL-3f or 3 weeks + IL-6+SCF for 4 more weeks.	BMMC	TRIzol™ Reagent (Invitrogen)+MagMAX 96 Total RNA Isolation Kit (Ambion by Life Technologies)	KAPA Stranded mRNA-Seq Kit (Roche)	FACS	1030444	No_data	No_data		31838750	polyA RNA	SINGLE				7				SRR10523235	SRX7207804														Mast_cells	
SRX7207789	12606229	SRR10523220	SRX7207789	GSE140900	Mast_cells	Induced mast cells	Bone marrow cells were differentiated using IL-6+SCF+IL-3 for 3 weeks, IL-6+SCF for 4 more weeks.	Primed-with-Fel_d_1-specific_IgE_for_18h_and_activated_with_Fel_d_1_antigen_for_4h	Without_therapy	Without_modification	Healthy	GSM4190042	CD117+ FceRIa+	Bone marrow cells were differentiated using IL-6+SCF+IL-3f or 3 weeks + IL-6+SCF for 4 more weeks.	BMMC	TRIzol™ Reagent (Invitrogen)+MagMAX 96 Total RNA Isolation Kit (Ambion by Life Technologies)	KAPA Stranded mRNA-Seq Kit (Roche)	FACS	1030429	No_data	No_data		31838750	polyA RNA	SINGLE				7				SRR10523220	SRX7207789														Mast_cells	
SRX7207796	11844561	SRR10523227	SRX7207796	GSE140900	Mast_cells	Induced mast cells	Bone marrow cells were differentiated using IL-6+SCF+IL-3 for 3 weeks, IL-6+SCF for 4 more weeks.	Stimulated_with_IL4_for_24h + primed-with-Fel_d_1-specific_IgE_for_18h_and_activated_with_Fel_d_1_antigen_for_4h	Without_therapy	Without_modification	Healthy	GSM4190049	CD117+ FceRIa+	Bone marrow cells were differentiated using IL-6+SCF+IL-3f or 3 weeks + IL-6+SCF for 4 more weeks.	BMMC	TRIzol™ Reagent (Invitrogen)+MagMAX 96 Total RNA Isolation Kit (Ambion by Life Technologies)	KAPA Stranded mRNA-Seq Kit (Roche)	FACS	1030436	No_data	No_data		31838750	polyA RNA	SINGLE				7				SRR10523227	SRX7207796														Mast_cells	
SRX7207798	11987730	SRR10523229	SRX7207798	GSE140900	Mast_cells	Induced mast cells	Bone marrow cells were differentiated using IL-6+SCF+IL-3 for 3 weeks, IL-6+SCF for 4 more weeks.	Stimulated_with_IL13_for_24h	Without_therapy	Without_modification	Healthy	GSM4190051	CD117+ FceRIa+	Bone marrow cells were differentiated using IL-6+SCF+IL-3f or 3 weeks + IL-6+SCF for 4 more weeks.	BMMC	TRIzol™ Reagent (Invitrogen)+MagMAX 96 Total RNA Isolation Kit (Ambion by Life Technologies)	KAPA Stranded mRNA-Seq Kit (Roche)	FACS	1030438	No_data	No_data		31838750	polyA RNA	SINGLE				7				SRR10523229	SRX7207798														Mast_cells	
SRX7207794	8925032	SRR10523225	SRX7207794	GSE140900	Mast_cells	Induced mast cells	Bone marrow cells were differentiated using IL-6+SCF+IL-3 for 3 weeks, IL-6+SCF for 4 more weeks.	Stimulated_with_IL4_for_24h + primed-with-Fel_d_1-specific_IgE_for_18h_and_activated_with_Fel_d_1_antigen_for_4h	Without_therapy	Without_modification	Healthy	GSM4190047	CD117+ FceRIa+	Bone marrow cells were differentiated using IL-6+SCF+IL-3f or 3 weeks + IL-6+SCF for 4 more weeks.	BMMC	TRIzol™ Reagent (Invitrogen)+MagMAX 96 Total RNA Isolation Kit (Ambion by Life Technologies)	KAPA Stranded mRNA-Seq Kit (Roche)	FACS	1030434	No_data	No_data		31838750	polyA RNA	SINGLE				6.125				SRR10523225	SRX7207794														Mast_cells	
SRX7207792	12443176	SRR10523223	SRX7207792	GSE140900	Mast_cells	Induced mast cells	Bone marrow cells were differentiated using IL-6+SCF+IL-3 for 3 weeks, IL-6+SCF for 4 more weeks.	Stimulated_with_IL4_for_24h	Without_therapy	Without_modification	Healthy	GSM4190045	CD117+ FceRIa+	Bone marrow cells were differentiated using IL-6+SCF+IL-3f or 3 weeks + IL-6+SCF for 4 more weeks.	BMMC	TRIzol™ Reagent (Invitrogen)+MagMAX 96 Total RNA Isolation Kit (Ambion by Life Technologies)	KAPA Stranded mRNA-Seq Kit (Roche)	FACS	1030432	No_data	No_data		31838750	polyA RNA	SINGLE				7				SRR10523223	SRX7207792														Mast_cells	
SRX7207805	10678823	SRR10523236	SRX7207805	GSE140900	Mast_cells	Induced mast cells	Bone marrow cells were differentiated using IL-6+SCF+IL-3 for 3 weeks, IL-6+SCF for 4 more weeks.	Stimulated_with_IL13_for_24h + primed-with-Fel_d_1-specific_IgE_for_18h_and_activated_with_Fel_d_1_antigen_for_4h	Without_therapy	Without_modification	Healthy	GSM4190058	CD117+ FceRIa+	Bone marrow cells were differentiated using IL-6+SCF+IL-3f or 3 weeks + IL-6+SCF for 4 more weeks.	BMMC	TRIzol™ Reagent (Invitrogen)+MagMAX 96 Total RNA Isolation Kit (Ambion by Life Technologies)	KAPA Stranded mRNA-Seq Kit (Roche)	FACS	1030445	No_data	No_data		31838750	polyA RNA	SINGLE				7				SRR10523236	SRX7207805														Mast_cells	
SRX7207783	11901998	SRR10523214	SRX7207783	GSE140900	Mast_cells	Induced mast cells	Bone marrow cells were differentiated using IL-6+SCF+IL-3 for 3 weeks, IL-6+SCF for 4 more weeks.	Without_stimulation	Without_therapy	Without_modification	Healthy	GSM4190036	CD117+ FceRIa+	Bone marrow cells were differentiated using IL-6+SCF+IL-3f or 3 weeks + IL-6+SCF for 4 more weeks.	BMMC	TRIzol™ Reagent (Invitrogen)+MagMAX 96 Total RNA Isolation Kit (Ambion by Life Technologies)	KAPA Stranded mRNA-Seq Kit (Roche)	FACS	1030423	No_data	No_data		31838750	polyA RNA	SINGLE				7				SRR10523214	SRX7207783														Mast_cells	
SRX7207803	12342628	SRR10523234	SRX7207803	GSE140900	Mast_cells	Induced mast cells	Bone marrow cells were differentiated using IL-6+SCF+IL-3 for 3 weeks, IL-6+SCF for 4 more weeks.	Stimulated_with_IL13_for_24h + primed-with-Fel_d_1-specific_IgE_for_18h_and_activated_with_Fel_d_1_antigen_for_4h	Without_therapy	Without_modification	Healthy	GSM4190056	CD117+ FceRIa+	Bone marrow cells were differentiated using IL-6+SCF+IL-3f or 3 weeks + IL-6+SCF for 4 more weeks.	BMMC	TRIzol™ Reagent (Invitrogen)+MagMAX 96 Total RNA Isolation Kit (Ambion by Life Technologies)	KAPA Stranded mRNA-Seq Kit (Roche)	FACS	1030443	No_data	No_data		31838750	polyA RNA	SINGLE				7				SRR10523234	SRX7207803														Mast_cells	
SRX9977244	2499439	SRR13579235	SRX9977244	GSE165804	Mast_cells	UCB-derived	Grown in SCF with IL-6 and IL-10	Hour_96_of_IL-4	Without_therapy	Without_modification	Healthy	GSM5050296	FceRIa+ CD117+ CD45+ CD11b- CD11c- CD3- CD19-	SmartSeq2	Umbilical_cord_blood	No_data	Nextera XT DNA Library Preparation Kit (Illumina)		CBMC_IL4STIM1	No_data	No_data		33637594	polyA RNA	PAIRED				6.708333				SRR13579235	SRX9977244															
SRX9977245	2400262	SRR13579236	SRX9977245	GSE165804	Mast_cells	UCB-derived	Grown in SCF with IL-6 and IL-10	Hour_96_of_IL-4	Without_therapy	Without_modification	Healthy	GSM5050297	FceRIa+ CD117+ CD45+ CD11b- CD11c- CD3- CD19-	SmartSeq2	Umbilical_cord_blood	No_data	Nextera XT DNA Library Preparation Kit (Illumina)		CBMC_IL4STIM2	No_data	No_data		33637594	polyA RNA	PAIRED				6.708333				SRR13579236	SRX9977245															
SRX1631223	8914074	SRR3225035	SRX1631223	GSE80338	Microglia	Microglia	CD11b+	Without_stimulation	No_data	Without_modification	Glioblastoma	GSM2124786	CD11b+	Neural Tissue Dissociation Kit (Miltenyi Biotec, Bergisch-Gladbach, Germany)	Glioblastoma	RNeasy Plus mini Kit (Qiagen)	TruSeq RNA Library Prep Kit v2 (Illumina)	CD11b (Microglia) MicroBeads (Miltenyi Biotec)	GBM Sample 2 (sample 2)	No_data	No_data		27312099	polyA RNA	SINGLE				6.125				SRR3225035	SRX1631223														Macrophages	
SRX1631225	6758019	SRR3225036	SRX1631225	GSE80338	Microglia	Microglia	CD11b+	Without_stimulation	No_data	Without_modification	Glioblastoma	GSM2124787	CD11b+	Neural Tissue Dissociation Kit (Miltenyi Biotec, Bergisch-Gladbach, Germany)	Glioblastoma	RNeasy Plus mini Kit (Qiagen)	TruSeq RNA Library Prep Kit v2 (Illumina)	CD11b (Microglia) MicroBeads (Miltenyi Biotec)	GBM Sample 3 (sample 3)	No_data	No_data		27312099	polyA RNA	SINGLE				7				SRR3225036	SRX1631225														Macrophages	
SRX1631226	4124897	SRR3225037	SRX1631226	GSE80338	Microglia	Microglia	CD11b+	Without_stimulation	No_data	Without_modification	Glioblastoma	GSM2124788	CD11b+	Neural Tissue Dissociation Kit (Miltenyi Biotec, Bergisch-Gladbach, Germany)	Glioblastoma	RNeasy Plus mini Kit (Qiagen)	TruSeq RNA Library Prep Kit v2 (Illumina)	CD11b (Microglia) MicroBeads (Miltenyi Biotec)	GBM Sample 4 (sample 4)	No_data	No_data		27312099	polyA RNA	SINGLE				6.125				SRR3225037	SRX1631226														Macrophages	
SRX1631227	17368437	SRR3225038	SRX1631227	GSE80338	Microglia	Microglia	CD11b+	Without_stimulation	No_data	Without_modification	Glioblastoma	GSM2124789	CD11b+	Neural Tissue Dissociation Kit (Miltenyi Biotec, Bergisch-Gladbach, Germany)	Glioblastoma	RNeasy Plus mini Kit (Qiagen)	TruSeq RNA Library Prep Kit v2 (Illumina)	CD11b (Microglia) MicroBeads (Miltenyi Biotec)	GBM Sample 5 (sample 5)	No_data	No_data		27312099	polyA RNA	SINGLE				4.666667		good		SRR3225038	SRX1631227														Macrophages	
SRX1631228	21908990	SRR3225040	SRX1631228	GSE80338	Microglia	Microglia	CD11b+	Without_stimulation	No_data	Without_modification	Glioblastoma	GSM2124790	CD11b+	Neural Tissue Dissociation Kit (Miltenyi Biotec, Bergisch-Gladbach, Germany)	Glioblastoma	RNeasy Plus mini Kit (Qiagen)	TruSeq RNA Library Prep Kit v2 (Illumina)	CD11b (Microglia) MicroBeads (Miltenyi Biotec)	GBM Sample 6 (sample 6)	No_data	No_data		27312099	polyA RNA	SINGLE				7				SRR3225040	SRX1631228														Macrophages	
SRX1631244	1665482	SRR3225062	SRX1631244	GSE80338	Microglia	Microglia	CD11b+	Without_stimulation	No_data	Without_modification	Glioblastoma	GSM2124791	CD11b+	Neural Tissue Dissociation Kit (Miltenyi Biotec, Bergisch-Gladbach, Germany)	Glioblastoma	RNeasy Plus mini Kit (Qiagen)	TruSeq RNA Library Prep Kit v2 (Illumina)	CD11b (Microglia) MicroBeads (Miltenyi Biotec)	GBM Sample 7 (sample 7)	No_data	No_data		27312099	polyA RNA	SINGLE				6.125				SRR3225062	SRX1631244														Macrophages	
SRX1631276	5885225	SRR3225093	SRX1631276	GSE80338	Microglia	Microglia	CD11b+	Without_stimulation	No_data	Without_modification	Glioblastoma	GSM2124792	CD11b+	Neural Tissue Dissociation Kit (Miltenyi Biotec, Bergisch-Gladbach, Germany)	Glioblastoma	RNeasy Plus mini Kit (Qiagen)	TruSeq RNA Library Prep Kit v2 (Illumina)	CD11b (Microglia) MicroBeads (Miltenyi Biotec)	GBM Sample 8 (sample 8)	No_data	No_data		27312099	polyA RNA	SINGLE				6.416667		good		SRR3225093	SRX1631276														Macrophages	
SRX1631342	2471780	SRR3225161	SRX1631342	GSE80338	Microglia	Microglia	CD11b+	Without_stimulation	No_data	Without_modification	Epilepsy	GSM2124795	CD11b+	from non-tumor brain samples (samples from epilepsy, hippocampal biopsies); Neural Tissue Dissociation Kit (Miltenyi Biotec, Bergisch-Gladbach, Germany)	Brain	RNeasy Plus mini Kit (Qiagen)	TruSeq RNA Library Prep Kit v2 (Illumina)	CD11b (Microglia) MicroBeads (Miltenyi Biotec)	Epilepsy Sample 3 (sample 11)	No_data	No_data		27312099	polyA RNA	SINGLE				6.416667				SRR3225161	SRX1631342														Macrophages	
SRX1631372	21897706	SRR3225191	SRX1631372	GSE80338	Microglia	Microglia	CD11b+	Without_stimulation	No_data	Without_modification	Glioblastoma	GSM2124797	CD11b+	postmortem cortex samples; Neural Tissue Dissociation Kit (Miltenyi Biotec, Bergisch-Gladbach, Germany)	Brain	RNeasy Plus mini Kit (Qiagen)	TruSeq RNA Library Prep Kit v2 (Illumina)	CD11b (Microglia) MicroBeads (Miltenyi Biotec)	Postmortem Sample 2 (sample 13)	No_data	No_data		27312099	polyA RNA	SINGLE				5.833333				SRR3225191	SRX1631372														Macrophages	
SRX1631387	3536137	SRR3225206	SRX1631387	GSE80338	Microglia	Microglia	CD11b+	Without_stimulation	No_data	Without_modification	Glioblastoma	GSM2124798	CD11b+	postmortem cortex samples; Neural Tissue Dissociation Kit (Miltenyi Biotec, Bergisch-Gladbach, Germany)	Brain	RNeasy Plus mini Kit (Qiagen)	TruSeq RNA Library Prep Kit v2 (Illumina)	CD11b (Microglia) MicroBeads (Miltenyi Biotec)	Postmortem Sample 3 (sample 14)	No_data	No_data		27312099	polyA RNA	SINGLE				6.125				SRR3225206	SRX1631387														Macrophages	
SRX1631409	2763588	SRR3225223	SRX1631409	GSE80338	Microglia	Microglia	CD11b+	Without_stimulation	No_data	Without_modification	Glioblastoma	GSM2124800	CD11b+	postmortem cortex samples; Neural Tissue Dissociation Kit (Miltenyi Biotec, Bergisch-Gladbach, Germany)	Brain	RNeasy Plus mini Kit (Qiagen)	TruSeq RNA Library Prep Kit v2 (Illumina)	CD11b (Microglia) MicroBeads (Miltenyi Biotec)	Postmortem Sample 5 (sample 16)	No_data	No_data		27312099	polyA RNA	SINGLE				5.833333				SRR3225223	SRX1631409														Macrophages	
